path,folder,extension,md5,context_code,context,is_sequence,sample_rate,channels,n_frames,duration_s,max_amplitude,rms,is_silent,is_corrupted,error
dataset/B_ANI01_MC_FN_SIM01_101.wav,dataset,wav,55a949d71a064e46f33a17d02e383a0f,B,brushing,False,8000,1,18252,2.2815,0.318389892578125,0.08295917510986328,False,False,
dataset/B_ANI01_MC_FN_SIM01_102.wav,dataset,wav,189e446efa55836605e81dd634ef6ac6,B,brushing,False,8000,1,11352,1.419,0.121551513671875,0.007491433992981911,False,False,
dataset/B_ANI01_MC_FN_SIM01_103.wav,dataset,wav,fc5bcb59708cb3c3738ac479035a16a9,B,brushing,False,8000,1,14391,1.798875,0.115997314453125,0.013355083763599396,False,False,
dataset/B_ANI01_MC_FN_SIM01_301.wav,dataset,wav,1d49c3b10558901b85e1d38289e845bb,B,brushing,False,8000,1,13916,1.7395,0.321868896484375,0.040526382625103,False,False,
dataset/B_ANI01_MC_FN_SIM01_302.wav,dataset,wav,c4b9a6115c76c2325214dc850c9d20bc,B,brushing,False,8000,1,10144,1.268,0.14642333984375,0.014075356535613537,False,False,
dataset/B_ANI01_MC_FN_SIM01_303.wav,dataset,wav,add48a2740e999acb501e534d94d5311,B,brushing,False,8000,1,15370,1.92125,0.3250732421875,0.038342736661434174,False,False,
dataset/B_BAC01_MC_MN_SIM01_101.wav,dataset,wav,17033e76c51edfa578684350311629b6,B,brushing,False,8000,1,9284,1.1605,0.358001708984375,0.0421416275203228,False,False,
dataset/B_BAC01_MC_MN_SIM01_102.wav,dataset,wav,9190a1282ea25f0e84ea334c293e3a4d,B,brushing,False,8000,1,9811,1.226375,0.44232177734375,0.04521039128303528,False,False,
dataset/B_BAC01_MC_MN_SIM01_103.wav,dataset,wav,d395248116e56d268accdb1f3e4f0d10,B,brushing,False,8000,1,9776,1.222,0.4775390625,0.04901295527815819,False,False,
dataset/B_BAC01_MC_MN_SIM01_202.wav,dataset,wav,a04648e56a03c9bb838378a514ef9f37,B,brushing,False,8000,1,10032,1.254,0.283477783203125,0.02503739856183529,False,False,
dataset/B_BAC01_MC_MN_SIM01_301.wav,dataset,wav,8248ba36f9de988609a893ee41eccbdc,B,brushing,False,8000,1,9217,1.152125,0.11572265625,0.009279756806790829,False,False,
dataset/B_BAC01_MC_MN_SIM01_303.wav,dataset,wav,d6393d42ca711d98bb3af8b08753ecb0,B,brushing,False,8000,1,9270,1.15875,0.396331787109375,0.03779678791761398,False,False,
dataset/B_BRA01_MC_MN_SIM01_101.wav,dataset,wav,18404ca2e8795029f5f2e9c34d86c39a,B,brushing,False,8000,1,11681,1.460125,0.242584228515625,0.023982880637049675,False,False,
dataset/B_BRA01_MC_MN_SIM01_104.wav,dataset,wav,fcd880eabc665d8fb4ebddd1abfda79f,B,brushing,False,8000,1,10445,1.305625,0.5001220703125,0.060001201927661896,False,False,
dataset/B_BRA01_MC_MN_SIM01_105.wav,dataset,wav,0a097fc658abef95517c4578e06f5db5,B,brushing,False,8000,1,11109,1.388625,0.553924560546875,0.0859677642583847,False,False,
dataset/B_BRA01_MC_MN_SIM01_106.wav,dataset,wav,e7211c8fe94d01c9a14edf7761c4c846,B,brushing,False,8000,1,10747,1.343375,0.48272705078125,0.06574512273073196,False,False,
dataset/B_BRA01_MC_MN_SIM01_301.wav,dataset,wav,f94bafb79fb27c4a0a09d34127417e80,B,brushing,False,8000,1,9504,1.188,0.115814208984375,0.009594729170203209,False,False,
dataset/B_BRA01_MC_MN_SIM01_302.wav,dataset,wav,1db1d49970bc2198c698bf06abf38d16,B,brushing,False,8000,1,10378,1.29725,0.4083251953125,0.03755447268486023,False,False,
dataset/B_BRA01_MC_MN_SIM01_303.wav,dataset,wav,b767041b696043b9dc5eefb66cfc66e6,B,brushing,False,8000,1,11083,1.385375,0.4437255859375,0.08110913634300232,False,False,
dataset/B_BRI01_MC_FI_SIM01_101.wav,dataset,wav,33d0e336dc47697cd5ea218883b32a7d,B,brushing,False,8000,1,21594,2.69925,0.161468505859375,0.021007297560572624,False,False,
dataset/B_BRI01_MC_FI_SIM01_102.wav,dataset,wav,8e9d9cf2f969b3189f5ce0e467e82bd1,B,brushing,False,8000,1,12009,1.501125,0.085784912109375,0.007750824559479952,False,False,
dataset/B_BRI01_MC_FI_SIM01_201.wav,dataset,wav,212164476383240260da545c9fcbeb4e,B,brushing,False,8000,1,14099,1.762375,0.2388916015625,0.03372061252593994,False,False,
dataset/B_BRI01_MC_FI_SIM01_202.wav,dataset,wav,a09fff644d0169614e69b6307cda75da,B,brushing,False,8000,1,32012,4.0015,0.039398193359375,0.005170222371816635,False,False,
dataset/B_BRI01_MC_FI_SIM01_301.wav,dataset,wav,58821429e449034891782cb5bb510694,B,brushing,False,8000,1,10385,1.298125,0.0400390625,0.004270853009074926,False,False,
dataset/B_BRI01_MC_FI_SIM01_302.wav,dataset,wav,6e94306173d2c8ec3fe955832a358f75,B,brushing,False,8000,1,12825,1.603125,0.139801025390625,0.013497590087354183,False,False,
dataset/B_BRI01_MC_FI_SIM01_303.wav,dataset,wav,27a02d2db0aadd0fc4a0faf13171e46d,B,brushing,False,8000,1,28429,3.553625,0.04376220703125,0.009700717404484749,False,False,
dataset/B_CAN01_EU_FN_GIA01_101.wav,dataset,wav,e9ebf6aca81b01e223b738fab2a6ce47,B,brushing,False,8000,1,14676,1.8345,0.106903076171875,0.01082402653992176,False,False,
dataset/B_CAN01_EU_FN_GIA01_102.wav,dataset,wav,a762bbb497ff3818f53b61c247903027,B,brushing,False,8000,1,19668,2.4585,0.105010986328125,0.015625828877091408,False,False,
dataset/B_CAN01_EU_FN_GIA01_103.wav,dataset,wav,dad25b6d84f40b1f09e27d5e4188a180,B,brushing,False,8000,1,13459,1.682375,0.09344482421875,0.016032913699746132,False,False,
dataset/B_CAN01_EU_FN_GIA01_104.wav,dataset,wav,fcbec8a4350cec91551af72d5dd9309c,B,brushing,False,8000,1,12489,1.561125,0.04901123046875,0.009562795050442219,False,False,
dataset/B_CAN01_EU_FN_GIA01_105.wav,dataset,wav,c99bf801c8b5ec4662589d7777972771,B,brushing,False,8000,1,17125,2.140625,0.126708984375,0.019350329414010048,False,False,
dataset/B_CAN01_EU_FN_GIA01_201.wav,dataset,wav,65e479960ddc30bb53fe818ddf6c7f48,B,brushing,False,8000,1,15177,1.897125,0.027435302734375,0.004453209228813648,False,False,
dataset/B_CAN01_EU_FN_GIA01_202.wav,dataset,wav,50329e4c4c2248cd8ff7741fb466b261,B,brushing,False,8000,1,14670,1.83375,0.04412841796875,0.008314745500683784,False,False,
dataset/B_CAN01_EU_FN_GIA01_203.wav,dataset,wav,103e2986a7e9ad2bf8ce5f805fb6a86f,B,brushing,False,8000,1,14397,1.799625,0.0372314453125,0.0047591859474778175,False,False,
dataset/B_CAN01_EU_FN_GIA01_204.wav,dataset,wav,f2e9238c91e445eeee01a0fa86b29722,B,brushing,False,8000,1,13890,1.73625,0.109466552734375,0.01747867837548256,False,False,
dataset/B_CAN01_EU_FN_GIA01_205.wav,dataset,wav,ae95dbb4648df283a6f387b547c37c15,B,brushing,False,8000,1,14592,1.824,0.0733642578125,0.014596531167626381,False,False,
dataset/B_CAN01_EU_FN_GIA01_206.wav,dataset,wav,5385955e2b25c44e74f61ec3681a409b,B,brushing,False,8000,1,12408,1.551,0.132354736328125,0.026576513424515724,False,False,
dataset/B_CAN01_EU_FN_GIA01_207.wav,dataset,wav,4ae3c8ccfdf3f5613f188d990e88a315,B,brushing,False,8000,1,12759,1.594875,0.10809326171875,0.01581740751862526,False,False,
dataset/B_CAN01_EU_FN_GIA01_208.wav,dataset,wav,be567ed43b40034f55cf652d5d46af26,B,brushing,False,8000,1,14553,1.819125,0.08282470703125,0.010718997567892075,False,False,
dataset/B_CAN01_EU_FN_GIA01_209.wav,dataset,wav,15411725b71d98c05dd1ee1544da3ae3,B,brushing,False,8000,1,14982,1.87275,0.102630615234375,0.015887465327978134,False,False,
dataset/B_CAN01_EU_FN_GIA01_210.wav,dataset,wav,04345c855d3b19dae94b288d7e9869f8,B,brushing,False,8000,1,13695,1.711875,0.043182373046875,0.005574929062277079,False,False,
dataset/B_CAN01_EU_FN_GIA01_301.wav,dataset,wav,233bef40689412ae72697516bbb29236,B,brushing,False,8000,1,14993,1.874125,0.028350830078125,0.005837392061948776,False,False,
dataset/B_CAN01_EU_FN_GIA01_302.wav,dataset,wav,da22e961a38708f84e42e54cfd409311,B,brushing,False,8000,1,14717,1.839625,0.043853759765625,0.007070711348205805,False,False,
dataset/B_CAN01_EU_FN_GIA01_303.wav,dataset,wav,790ab6301e798dc63862d0224e596bc2,B,brushing,False,8000,1,14671,1.833875,0.01300048828125,0.0017886428395286202,False,False,
dataset/B_CAN01_EU_FN_GIA01_304.wav,dataset,wav,63a776e6d0b11c8829f695361dd9f99c,B,brushing,False,8000,1,15223,1.902875,0.0137939453125,0.0034953714348375797,False,False,
dataset/B_CAN01_EU_FN_GIA01_305.wav,dataset,wav,b65394b2de0dd0f4affcf1ae0c3cb5af,B,brushing,False,8000,1,14303,1.787875,0.01593017578125,0.0038848579861223698,False,False,
dataset/B_CAN01_EU_FN_GIA01_306.wav,dataset,wav,ece2d5ca604cd61a1edbe109476d7505,B,brushing,False,8000,1,14625,1.828125,0.01904296875,0.003845127299427986,False,False,
dataset/B_CAN01_EU_FN_GIA01_307.wav,dataset,wav,57aed77fca8cb99f61c51fcbf4fc5b80,B,brushing,False,8000,1,14901,1.862625,0.05670166015625,0.004587747156620026,False,False,
dataset/B_CAN01_EU_FN_GIA01_308.wav,dataset,wav,6aa74f01a53b688f52e84b184774dd96,B,brushing,False,8000,1,13245,1.655625,0.023406982421875,0.0057547567412257195,False,False,
dataset/B_CAN01_EU_FN_GIA01_309.wav,dataset,wav,7148de6fda7cb89849c342297785fdf5,B,brushing,False,8000,1,14119,1.764875,0.0338134765625,0.006380684208124876,False,False,
dataset/B_CAN01_EU_FN_GIA01_310.wav,dataset,wav,5e16393dd78a7dc1692a8a3c6f7975a0,B,brushing,False,8000,1,16373,2.046625,0.017059326171875,0.003983732778578997,False,False,
dataset/B_CAN01_EU_FN_GIA01_311.wav,dataset,wav,8b019557d2f9f34c5ca7248dd4e84357,B,brushing,False,8000,1,14625,1.828125,0.03546142578125,0.006665029097348452,False,False,
dataset/B_DAK01_MC_FN_SIM01_102.wav,dataset,wav,ee91af798e1d2377671b8010b385a00b,B,brushing,False,8000,1,10998,1.37475,0.2589111328125,0.029154475778341293,False,False,
dataset/B_DAK01_MC_FN_SIM01_301.wav,dataset,wav,818e67a30a9baaa8ca5d2dac8fd77358,B,brushing,False,8000,1,16695,2.086875,0.0540771484375,0.0074854097329080105,False,False,
dataset/B_DAK01_MC_FN_SIM01_302.wav,dataset,wav,184638c5abdca97c621f9d68a82caba3,B,brushing,False,8000,1,13945,1.743125,0.313140869140625,0.014813296496868134,False,False,
dataset/B_DAK01_MC_FN_SIM01_303.wav,dataset,wav,3dd3c869b2a5beabce9918b536878886,B,brushing,False,8000,1,14740,1.8425,0.402923583984375,0.06084323674440384,False,False,
dataset/B_IND01_EU_FN_ELI01_101.wav,dataset,wav,0fad02ee1184c1caaa53c75409ccd4bc,B,brushing,False,8000,1,15128,1.891,0.04571533203125,0.006612490862607956,False,False,
dataset/B_IND01_EU_FN_ELI01_102.wav,dataset,wav,e8796edb119319f3efba709e22b202d7,B,brushing,False,8000,1,13455,1.681875,0.13397216796875,0.015483054332435131,False,False,
dataset/B_IND01_EU_FN_ELI01_103.wav,dataset,wav,864cebbef5d4f2fe51847a0a6aeac9d9,B,brushing,False,8000,1,27333,3.416625,0.13385009765625,0.01768784038722515,False,False,
dataset/B_IND01_EU_FN_ELI01_201.wav,dataset,wav,40f914a1140124ecf25a37cfd2bb0b61,B,brushing,False,8000,1,14433,1.804125,0.02557373046875,0.006807649973779917,False,False,
dataset/B_IND01_EU_FN_ELI01_202.wav,dataset,wav,2255837e7a0c8356ba5d5aca636d53b7,B,brushing,False,8000,1,19041,2.380125,0.02130126953125,0.002454420318827033,False,False,
dataset/B_IND01_EU_FN_ELI01_203.wav,dataset,wav,322d7c47b3c2ba0bb1e62213058d25e4,B,brushing,False,8000,1,13084,1.6355,0.01922607421875,0.002794235246255994,False,False,
dataset/B_IND01_EU_FN_ELI01_301.wav,dataset,wav,b283f41705b7d879f4fcd5249e71ed0c,B,brushing,False,8000,1,10479,1.309875,0.06866455078125,0.006085449364036322,False,False,
dataset/B_IND01_EU_FN_ELI01_302.wav,dataset,wav,66e683bda640403991c7b739f3c935f2,B,brushing,False,8000,1,15021,1.877625,0.02130126953125,0.002234603511169553,False,False,
dataset/B_IND01_EU_FN_ELI01_303.wav,dataset,wav,697d58a86f245d88e84900dcbc10b152,B,brushing,False,8000,1,13965,1.745625,0.013275146484375,0.0013718444388359785,False,False,
dataset/B_IND01_EU_FN_ELI01_304.wav,dataset,wav,c37a31ab4ee0fbf0d81254c1a2880952,B,brushing,False,8000,1,16569,2.071125,0.114501953125,0.013386398553848267,False,False,
dataset/B_IND01_EU_FN_ELI01_305.wav,dataset,wav,82026c145ba085a007dc1d628a2ca30c,B,brushing,False,8000,1,14689,1.836125,0.121826171875,0.012086977250874043,False,False,
dataset/B_JJX01_MC_FN_SIM01_101.wav,dataset,wav,56ef9ce7eb82bbc52b0323d19ac3f577,B,brushing,False,8000,1,9324,1.1655,0.0909423828125,0.006831836886703968,False,False,
dataset/B_JJX01_MC_FN_SIM01_102.wav,dataset,wav,ae8f36b72eb654754d1f486bf90c2121,B,brushing,False,8000,1,8853,1.106625,0.163726806640625,0.013970605097711086,False,False,
dataset/B_JJX01_MC_FN_SIM01_103.wav,dataset,wav,3c99ef1dc464002d7ed4bd0afb1a94aa,B,brushing,False,8000,1,11346,1.41825,0.33349609375,0.0453457310795784,False,False,
dataset/B_JJX01_MC_FN_SIM01_201.wav,dataset,wav,efe6c3fc1dad12b57eb52b7659192f45,B,brushing,False,8000,1,11914,1.48925,0.31842041015625,0.02746538631618023,False,False,
dataset/B_JJX01_MC_FN_SIM01_202.wav,dataset,wav,24fad271e69258165786f74e8b74be42,B,brushing,False,8000,1,15158,1.89475,0.34930419921875,0.04745321720838547,False,False,
dataset/B_JJX01_MC_FN_SIM01_301.wav,dataset,wav,7ad775d2faa89d31117471556b62478a,B,brushing,False,8000,1,11099,1.387375,0.087371826171875,0.006515491288155317,False,False,
dataset/B_JJX01_MC_FN_SIM01_302.wav,dataset,wav,d35b7d4ddb9df1cdfac3c2abb4e8ca7f,B,brushing,False,8000,1,11389,1.423625,0.077423095703125,0.006167368497699499,False,False,
dataset/B_MAG01_EU_FN_FED01_101.wav,dataset,wav,d58c803a85dd90d27852230c4c07d1af,B,brushing,False,8000,1,14145,1.768125,0.169921875,0.027468129992485046,False,False,
dataset/B_MAG01_EU_FN_FED01_102.wav,dataset,wav,15731750d4f63e60f68f4f7a867ae017,B,brushing,False,8000,1,13889,1.736125,0.165283203125,0.02338210493326187,False,False,
dataset/B_MAG01_EU_FN_FED01_103.wav,dataset,wav,10a5df0e1bcbe177ba063f084d72b899,B,brushing,False,8000,1,13953,1.744125,0.10223388671875,0.012430262751877308,False,False,
dataset/B_MAG01_EU_FN_FED01_201.wav,dataset,wav,3bcd7568425b052b204456b437f2acbb,B,brushing,False,8000,1,13409,1.676125,0.145782470703125,0.01612577773630619,False,False,
dataset/B_MAG01_EU_FN_FED01_202.wav,dataset,wav,4d327843228c2d5d1c04e295d6fb5c80,B,brushing,False,8000,1,11888,1.486,0.106658935546875,0.009632452391088009,False,False,
dataset/B_MAG01_EU_FN_FED01_203.wav,dataset,wav,424bb14488abc1869388c9c0025e7fed,B,brushing,False,8000,1,13563,1.695375,0.161712646484375,0.020547715947031975,False,False,
dataset/B_MAG01_EU_FN_FED01_204.wav,dataset,wav,65fe98975640af0c1d4124a0b0aee545,B,brushing,False,8000,1,14805,1.850625,0.1844482421875,0.03354581072926521,False,False,
dataset/B_MAG01_EU_FN_FED01_205.wav,dataset,wav,babc9a51bfc3a756b980f41a2e13ac2b,B,brushing,False,8000,1,14427,1.803375,0.187774658203125,0.03129251301288605,False,False,
dataset/B_MAG01_EU_FN_FED01_301.wav,dataset,wav,442a20c779aaf4965ca3b230a1a9b081,B,brushing,False,8000,1,16185,2.023125,0.181610107421875,0.040869440883398056,False,False,
dataset/B_MAG01_EU_FN_FED01_302.wav,dataset,wav,1d6c442ebc489d08952d1423283effbb,B,brushing,False,8000,1,12918,1.61475,0.179931640625,0.026867752894759178,False,False,
dataset/B_MAT01_EU_FN_RIT01_101.wav,dataset,wav,9e229e39399604d04376d916d9af0141,B,brushing,False,8000,1,14927,1.865875,0.0101318359375,0.0017998670227825642,False,False,
dataset/B_MAT01_EU_FN_RIT01_102.wav,dataset,wav,405df261dfe44d8126c236583ac02de3,B,brushing,False,8000,1,13992,1.749,0.031219482421875,0.0035592196509242058,False,False,
dataset/B_MAT01_EU_FN_RIT01_201.wav,dataset,wav,4bfd240ac569ad300bcb98beba46978e,B,brushing,False,8000,1,11748,1.4685,0.15460205078125,0.013646431267261505,False,False,
dataset/B_MAT01_EU_FN_RIT01_202.wav,dataset,wav,bc91b10ac368ebdb751dd299f3dc9593,B,brushing,False,8000,1,10981,1.372625,0.017578125,0.0025602425448596478,False,False,
dataset/B_MAT01_EU_FN_RIT01_203.wav,dataset,wav,4a7ff9dbbcd7e3c38e091c53f2a7415a,B,brushing,False,8000,1,15041,1.880125,0.011871337890625,0.0015279795043170452,False,False,
dataset/B_MAT01_EU_FN_RIT01_204.wav,dataset,wav,385875119d663909b3f3bae2608e45cd,B,brushing,False,8000,1,20545,2.568125,0.010009765625,0.00101407989859581,False,False,
dataset/B_MAT01_EU_FN_RIT01_205.wav,dataset,wav,11f091a16040604c644315b25af807bb,B,brushing,False,8000,1,15425,1.928125,0.026611328125,0.0046482025645673275,False,False,
dataset/B_MAT01_EU_FN_RIT01_206.wav,dataset,wav,64ac9090b54b4c18efe22a61170ea3b9,B,brushing,False,8000,1,17345,2.168125,0.01837158203125,0.0029241726733744144,False,False,
dataset/B_MAT01_EU_FN_RIT01_207.wav,dataset,wav,ed85d9eea6719b3bc7ec1bfc7aae0754,B,brushing,False,8000,1,18369,2.296125,0.056243896484375,0.005275905132293701,False,False,
dataset/B_MAT01_EU_FN_RIT01_301.wav,dataset,wav,65401ad638fdb471a7694f15acdaf0ad,B,brushing,False,8000,1,15603,1.950375,0.0966796875,0.009215726517140865,False,False,
dataset/B_MIN01_EU_FN_BEN01_101.wav,dataset,wav,ea19a8f088d5dedf2b14f6fb90625b4d,B,brushing,False,8000,1,19400,2.425,0.135406494140625,0.024045784026384354,False,False,
dataset/B_MIN01_EU_FN_BEN01_102.wav,dataset,wav,da8832521a58393d7cf507fc3f58d31a,B,brushing,False,8000,1,25165,3.145625,0.09002685546875,0.013021457940340042,False,False,
dataset/B_MIN01_EU_FN_BEN01_103.wav,dataset,wav,3e5a897d11fc7062be582a7a99b60cc0,B,brushing,False,8000,1,23003,2.875375,0.1854248046875,0.03744236007332802,False,False,
dataset/B_MIN01_EU_FN_BEN01_104.wav,dataset,wav,9461e6903b7e3b58ae14ad721a0806d3,B,brushing,False,8000,1,20298,2.53725,0.185943603515625,0.036353494971990585,False,False,
dataset/B_NIG01_MC_MN_SIM01_101.wav,dataset,wav,2940d4e1c238c488ba117bf0383db964,B,brushing,False,8000,1,13244,1.6555,0.217041015625,0.03831249848008156,False,False,
dataset/B_NIG01_MC_MN_SIM01_102.wav,dataset,wav,4ddbe7a87161bf5b90e67d7f4d8c0b28,B,brushing,False,8000,1,13914,1.73925,0.16339111328125,0.022963466122746468,False,False,
dataset/B_NIG01_MC_MN_SIM01_103.wav,dataset,wav,73e971ad1edd0cf6206aa8ff18510ee8,B,brushing,False,8000,1,11813,1.476625,0.32733154296875,0.05265333503484726,False,False,
dataset/B_NIG01_MC_MN_SIM01_201.wav,dataset,wav,d02e7bbdbcfdb2192d3a3b78dda4d403,B,brushing,False,8000,1,27955,3.494375,0.176544189453125,0.013271757401525974,False,False,
dataset/B_NUL01_MC_MI_SIM01_102.wav,dataset,wav,a43f10e005668c88db3534695d6c9ae3,B,brushing,False,8000,1,15268,1.9085,0.108001708984375,0.014702252112329006,False,False,
dataset/B_NUL01_MC_MI_SIM01_201.wav,dataset,wav,72e14cb1d60c200549c362deb443d77a,B,brushing,False,8000,1,23586,2.94825,0.4921875,0.09920350462198257,False,False,
dataset/B_NUL01_MC_MI_SIM01_301.wav,dataset,wav,05ae5f912fae916d06f68aa92389f10b,B,brushing,False,8000,1,14450,1.80625,0.064453125,0.006505697499960661,False,False,
dataset/B_NUL01_MC_MI_SIM01_302.wav,dataset,wav,0121e3a73b548dcab760c57c2dc136a4,B,brushing,False,8000,1,15295,1.911875,0.069671630859375,0.012917492538690567,False,False,
dataset/B_REG01_EU_FN_GIO01_101.wav,dataset,wav,90577741f0fe020b9e2a3f16229c9828,B,brushing,False,8000,1,15501,1.937625,0.063995361328125,0.008955379016697407,False,False,
dataset/B_REG01_EU_FN_GIO01_102.wav,dataset,wav,e7419da8ee28f18128dace9d89e2400c,B,brushing,False,8000,1,17569,2.196125,0.18328857421875,0.023401664569973946,False,False,
dataset/B_REG01_EU_FN_GIO01_201.wav,dataset,wav,1c35f3b9e9f27387dfd6c26d2cb80fa0,B,brushing,False,8000,1,15425,1.928125,0.059326171875,0.004410063847899437,False,False,
dataset/B_SPI01_EU_MN_NAI01_101.wav,dataset,wav,c6f76d1d781aa45c8256f72bbda4e8c9,B,brushing,False,8000,1,16425,2.053125,0.1888427734375,0.03705199062824249,False,False,
dataset/B_SPI01_EU_MN_NAI01_102.wav,dataset,wav,2fdd2edd7eaa1beec18337a4f59e4dbd,B,brushing,False,8000,1,13995,1.749375,0.0264892578125,0.0032813665457069874,False,False,
dataset/B_SPI01_EU_MN_NAI01_103.wav,dataset,wav,e7a7793d1d31d06f68a6f030399cd44a,B,brushing,False,8000,1,15183,1.897875,0.01324462890625,0.002561846049502492,False,False,
dataset/B_SPI01_EU_MN_NAI01_301.wav,dataset,wav,e42a62be016ff9e89ee825ff06d43eca,B,brushing,False,8000,1,14657,1.832125,0.0648193359375,0.0074677602387964725,False,False,
dataset/B_TIG01_EU_FN_GIU01_201.wav,dataset,wav,4343d41e767cbf0d1e5ea7aa35ba8f1e,B,brushing,False,8000,1,14273,1.784125,0.041839599609375,0.005648310761898756,False,False,
dataset/B_TIG01_EU_FN_GIU01_301.wav,dataset,wav,cd462f58fbaed75be4bb5f028f321a25,B,brushing,False,8000,1,15425,1.928125,0.08258056640625,0.006278360728174448,False,False,
dataset/B_WHO01_MC_FI_SIM01_101.wav,dataset,wav,0fa895194d55c39320deaca4875f089a,B,brushing,False,8000,1,15486,1.93575,0.3953857421875,0.0826721265912056,False,False,
dataset/B_WHO01_MC_FI_SIM01_102.wav,dataset,wav,936dd60a668dc49cfba0c0605bfd834a,B,brushing,False,8000,1,15697,1.962125,0.4339599609375,0.10748690366744995,False,False,
dataset/B_WHO01_MC_FI_SIM01_103.wav,dataset,wav,809555512f32158e858c5cdd2b753d38,B,brushing,False,8000,1,18609,2.326125,0.459320068359375,0.10316780209541321,False,False,
dataset/B_WHO01_MC_FI_SIM01_104.wav,dataset,wav,b7f5e4f48d105c3ed3998c7ac521a2e4,B,brushing,False,8000,1,15253,1.906625,0.411468505859375,0.05237051472067833,False,False,
dataset/B_WHO01_MC_FI_SIM01_201.wav,dataset,wav,22f170cf159e1bb58a1058003c3ee31c,B,brushing,False,8000,1,16111,2.013875,0.333526611328125,0.0821676030755043,False,False,
dataset/B_WHO01_MC_FI_SIM01_202.wav,dataset,wav,247c9fa22d88334ec1aa6d8e7d190494,B,brushing,False,8000,1,16023,2.002875,0.421539306640625,0.10846135020256042,False,False,
dataset/B_WHO01_MC_FI_SIM01_203.wav,dataset,wav,783b1458441bdfab79995a448f54f00c,B,brushing,False,8000,1,10295,1.286875,0.3924560546875,0.06993329524993896,False,False,
dataset/B_WHO01_MC_FI_SIM01_204.wav,dataset,wav,801cb79adbe1cc8e3622b581397a6a43,B,brushing,False,8000,1,15793,1.974125,0.475494384765625,0.11546195298433304,False,False,
dataset/B_WHO01_MC_FI_SIM01_301.wav,dataset,wav,417554ce196c82ad19f13b79766d7f49,B,brushing,False,8000,1,14282,1.78525,0.526611328125,0.07708749175071716,False,False,
dataset/B_WHO01_MC_FI_SIM01_302.wav,dataset,wav,7c82ad3f54aa6116bfcd18ab767e6d31,B,brushing,False,8000,1,18775,2.346875,0.5294189453125,0.09909939020872116,False,False,
dataset/B_WHO01_MC_FI_SIM01_304.wav,dataset,wav,956861b5f91802e605c25733a9daf001,B,brushing,False,8000,1,15967,1.995875,0.3575439453125,0.07635512948036194,False,False,
dataset/B_WHO01_MC_FI_SIM01_305.wav,dataset,wav,7dee30d008163dd35486a00ef470a95f,B,brushing,False,8000,1,11594,1.44925,0.293701171875,0.03328379616141319,False,False,
dataset/F_BAC01_MC_MN_SIM01_101.wav,dataset,wav,1c2bc65981737b731d946dfead1dbe6d,F,food,False,8000,1,9739,1.217375,0.3125,0.03688719868659973,False,False,
dataset/F_BAC01_MC_MN_SIM01_102.wav,dataset,wav,cc149244bd1e38c66f6886529a7599c3,F,food,False,8000,1,11150,1.39375,0.31610107421875,0.06040157377719879,False,False,
dataset/F_BAC01_MC_MN_SIM01_103.wav,dataset,wav,46e1b361e34c9a0bba2e0dd7a14b54ea,F,food,False,8000,1,11555,1.444375,0.19439697265625,0.025195924565196037,False,False,
dataset/F_BAC01_MC_MN_SIM01_104.wav,dataset,wav,688ff8fbe35f74ed59acf7eaf9e3e3e5,F,food,False,8000,1,11959,1.494875,0.279144287109375,0.02792428433895111,False,False,
dataset/F_BAC01_MC_MN_SIM01_105.wav,dataset,wav,d9b5df51c7b8b3510821bd1576027739,F,food,False,8000,1,11524,1.4405,0.30487060546875,0.04017504304647446,False,False,
dataset/F_BAC01_MC_MN_SIM01_201.wav,dataset,wav,80cc9264cd72a34581faaa4dc4eced6f,F,food,False,8000,1,10528,1.316,0.35491943359375,0.03347436711192131,False,False,
dataset/F_BAC01_MC_MN_SIM01_202.wav,dataset,wav,8f2ba13794899f1f194dbc11b25160cd,F,food,False,8000,1,11152,1.394,0.37567138671875,0.04239978268742561,False,False,
dataset/F_BAC01_MC_MN_SIM01_203.wav,dataset,wav,c3c5d84f2e20738ab2e646dbc8ca146c,F,food,False,8000,1,12047,1.505875,0.434051513671875,0.04522949084639549,False,False,
dataset/F_BAC01_MC_MN_SIM01_301.wav,dataset,wav,18dbb5bf36adf77a4ea1262ba86072b2,F,food,False,8000,1,8897,1.112125,0.293548583984375,0.02411222644150257,False,False,
dataset/F_BAC01_MC_MN_SIM01_302.wav,dataset,wav,51b42f7d007dc6c0c138b32d8d8de5a8,F,food,False,8000,1,11031,1.378875,0.348541259765625,0.03323895111680031,False,False,
dataset/F_BAC01_MC_MN_SIM01_303.wav,dataset,wav,4990993335a61a64da5a1966253b30cc,F,food,False,8000,1,10849,1.356125,0.29608154296875,0.03724176064133644,False,False,
dataset/F_BAC01_MC_MN_SIM01_304.wav,dataset,wav,3db4b1fa5a5e8812107d02fa2434a1ba,F,food,False,8000,1,11239,1.404875,0.2750244140625,0.0334978811442852,False,False,
dataset/F_BLE01_EU_FN_DEL01_101.wav,dataset,wav,a5a354e64f3f93f634bbce2eee0a7468,F,food,False,8000,1,12011,1.501375,0.0404052734375,0.004557326901704073,False,False,
dataset/F_BLE01_EU_FN_DEL01_102.wav,dataset,wav,b3de2802b6f97d7408464e7d44e7d87c,F,food,False,8000,1,10857,1.357125,0.04718017578125,0.005627105012536049,False,False,
dataset/F_BLE01_EU_FN_DEL01_103.wav,dataset,wav,5485f331f4d56507664208f3142a7f59,F,food,False,8000,1,11960,1.495,0.083160400390625,0.009274258278310299,False,False,
dataset/F_BRA01_MC_MN_SIM01_301.wav,dataset,wav,522a1708f08ccb004a711888cbf2176f,F,food,False,8000,1,14146,1.76825,0.0330810546875,0.0026596589013934135,False,False,
dataset/F_BRA01_MC_MN_SIM01_302.wav,dataset,wav,da7a1b11707d99b3554ea033c130afc2,F,food,False,8000,1,13573,1.696625,0.0389404296875,0.004679380916059017,False,False,
dataset/F_BRI01_MC_FI_SIM01_101.wav,dataset,wav,7b1f3bdd88f1f1d254c0609fe0782c47,F,food,False,8000,1,13234,1.65425,0.075408935546875,0.016005737707018852,False,False,
dataset/F_BRI01_MC_FI_SIM01_102.wav,dataset,wav,d6324fa65225a29c414fc0feb489a9f6,F,food,False,8000,1,12118,1.51475,0.160675048828125,0.014653902500867844,False,False,
dataset/F_BRI01_MC_FI_SIM01_103.wav,dataset,wav,0a5774447d489d9d8393cf0e228b9d10,F,food,False,8000,1,12137,1.517125,0.121917724609375,0.017060333862900734,False,False,
dataset/F_BRI01_MC_FI_SIM01_104.wav,dataset,wav,052345be5ad14335ab51dfa7bea481ef,F,food,False,8000,1,12148,1.5185,0.086181640625,0.019985545426607132,False,False,
dataset/F_BRI01_MC_FI_SIM01_105.wav,dataset,wav,91ec5269e834a0cf905b5f0bb5598a02,F,food,False,8000,1,11412,1.4265,0.080078125,0.011056906543672085,False,False,
dataset/F_BRI01_MC_FI_SIM01_106.wav,dataset,wav,a248250a1adedc45595de2e10b6f1557,F,food,False,8000,1,11375,1.421875,0.112457275390625,0.012009753845632076,False,False,
dataset/F_BRI01_MC_FI_SIM01_201.wav,dataset,wav,6ec3c67ff117bf5b679ee8df5c9e5644,F,food,False,8000,1,16454,2.05675,0.09326171875,0.02189759537577629,False,False,
dataset/F_BRI01_MC_FI_SIM01_202.wav,dataset,wav,8661ba779de259e6488e507271fe2789,F,food,False,8000,1,14060,1.7575,0.191436767578125,0.030806800350546837,False,False,
dataset/F_CAN01_EU_FN_GIA01_201.wav,dataset,wav,cbe8fce39bb5b36e5326aa31a21d3692,F,food,False,8000,1,15939,1.992375,0.0389404296875,0.007125598378479481,False,False,
dataset/F_CAN01_EU_FN_GIA01_202.wav,dataset,wav,6b242c7bb88b203feb5048de86a69419,F,food,False,8000,1,15169,1.896125,0.025634765625,0.0039297654293477535,False,False,
dataset/F_DAK01_MC_FN_SIM01_301.wav,dataset,wav,4579974999af0c61b1159e9311b9b545,F,food,False,8000,1,12814,1.60175,0.35894775390625,0.035331856459379196,False,False,
dataset/F_DAK01_MC_FN_SIM01_302.wav,dataset,wav,99a757e8e399361b8305bc508d05caee,F,food,False,8000,1,12780,1.5975,0.1455078125,0.012103652581572533,False,False,
dataset/F_DAK01_MC_FN_SIM01_303.wav,dataset,wav,39fabd80c258882b94065a437a3d8bce,F,food,False,8000,1,11202,1.40025,0.098602294921875,0.012656389735639095,False,False,
dataset/F_DAK01_MC_FN_SIM01_304.wav,dataset,wav,450cd03db059b3154e99147e0a2a3c59,F,food,False,8000,1,12411,1.551375,0.13580322265625,0.012336929328739643,False,False,
dataset/F_IND01_EU_FN_ELI01_101.wav,dataset,wav,e31b4f813776c91db62fb22574210999,F,food,False,8000,1,14481,1.810125,0.06036376953125,0.008662731386721134,False,False,
dataset/F_IND01_EU_FN_ELI01_102.wav,dataset,wav,b21c869fc297310631f469e38b16fc20,F,food,False,8000,1,13293,1.661625,0.039337158203125,0.006371833849698305,False,False,
dataset/F_IND01_EU_FN_ELI01_103.wav,dataset,wav,c7fa6266888e4a2d8467dfc4f9fcdfef,F,food,False,8000,1,13725,1.715625,0.113525390625,0.015069108456373215,False,False,
dataset/F_IND01_EU_FN_ELI01_104.wav,dataset,wav,75e91d54db7788958e1b884644547c4e,F,food,False,8000,1,11349,1.418625,0.025115966796875,0.0035396290477365255,False,False,
dataset/F_IND01_EU_FN_ELI01_201.wav,dataset,wav,b2d94217df25705f13cef5b194aeefdb,F,food,False,8000,1,10851,1.356375,0.0157470703125,0.0022042475175112486,False,False,
dataset/F_IND01_EU_FN_ELI01_202.wav,dataset,wav,e56cdfed6060cc12d88f3e4e0b398708,F,food,False,8000,1,10338,1.29225,0.025390625,0.003663829294964671,False,False,
dataset/F_IND01_EU_FN_ELI01_203.wav,dataset,wav,dd3e9bba8e34339cb1182c453ddfbee2,F,food,False,8000,1,10801,1.350125,0.058319091796875,0.005136622581630945,False,False,
dataset/F_IND01_EU_FN_ELI01_301.wav,dataset,wav,5664e2d191f21d0536c9ea746e844926,F,food,False,8000,1,13221,1.652625,0.013336181640625,0.0029481183737516403,False,False,
dataset/F_IND01_EU_FN_ELI01_302.wav,dataset,wav,9ed0bbb96df3890e55436297688aa6ff,F,food,False,8000,1,15381,1.922625,0.021636962890625,0.004588301759213209,False,False,
dataset/F_IND01_EU_FN_ELI01_304.wav,dataset,wav,ffe5e444eaf7722e83500ba04a1874b4,F,food,False,8000,1,14931,1.866375,0.0406494140625,0.005297024734318256,False,False,
dataset/F_LEO01_EU_MI_RIT01_101.wav,dataset,wav,23cf3ebb0eb5074aa222a503d9b9d31b,F,food,False,8000,1,11792,1.474,0.012359619140625,0.0015474597457796335,False,False,
dataset/F_LEO01_EU_MI_RIT01_102.wav,dataset,wav,ed44732d8e0514c83c23743e374dcc29,F,food,False,8000,1,12524,1.5655,0.015472412109375,0.0029297824949026108,False,False,
dataset/F_LEO01_EU_MI_RIT01_103.wav,dataset,wav,d4c0a8af1bc9d9ed3a554eb677545cbf,F,food,False,8000,1,11853,1.481625,0.0126953125,0.002595292404294014,False,False,
dataset/F_LEO01_EU_MI_RIT01_104.wav,dataset,wav,963202073256a06930bc3354e05cf4e1,F,food,False,8000,1,13443,1.680375,0.021087646484375,0.003982968162745237,False,False,
dataset/F_LEO01_EU_MI_RIT01_105.wav,dataset,wav,e1fc662a36942cff477be1e450555925,F,food,False,8000,1,13972,1.7465,0.02081298828125,0.0034678797237575054,False,False,
dataset/F_MAG01_EU_FN_FED01_101.wav,dataset,wav,19cd8f256f47868ffc80cbc127571f62,F,food,False,8000,1,13185,1.648125,0.1009521484375,0.012958149425685406,False,False,
dataset/F_MAG01_EU_FN_FED01_102.wav,dataset,wav,c24014c184afcd6716b48a9ed36aa20e,F,food,False,8000,1,13633,1.704125,0.13134765625,0.017536023631691933,False,False,
dataset/F_MAG01_EU_FN_FED01_103.wav,dataset,wav,6359e54f4a81caed1dbbc80efe9a223b,F,food,False,8000,1,13633,1.704125,0.15362548828125,0.025805629789829254,False,False,
dataset/F_MAG01_EU_FN_FED01_104.wav,dataset,wav,ddfa0b9b72fcaf96556bdbf5b34c297e,F,food,False,8000,1,13441,1.680125,0.134124755859375,0.021404897794127464,False,False,
dataset/F_MAG01_EU_FN_FED01_105.wav,dataset,wav,2a0341c8161e1c9d5786f35c6a7a99e1,F,food,False,8000,1,13441,1.680125,0.110443115234375,0.016193091869354248,False,False,
dataset/F_MAG01_EU_FN_FED01_106.wav,dataset,wav,2ccb4d15362f64f10e726248b0ea7ea6,F,food,False,8000,1,12609,1.576125,0.127899169921875,0.016699818894267082,False,False,
dataset/F_MAG01_EU_FN_FED01_201.wav,dataset,wav,8b5b9b9382e6c74cd273143b0ac260da,F,food,False,8000,1,13146,1.64325,0.1566162109375,0.027785316109657288,False,False,
dataset/F_MAG01_EU_FN_FED01_202.wav,dataset,wav,524fb787bb78bf3f6148aa268e5ab95b,F,food,False,8000,1,12921,1.615125,0.14398193359375,0.02283167839050293,False,False,
dataset/F_MAG01_EU_FN_FED01_203.wav,dataset,wav,38c3312b8684eae864a7faf038af784e,F,food,False,8000,1,14361,1.795125,0.1644287109375,0.023900819942355156,False,False,
dataset/F_MAG01_EU_FN_FED01_301.wav,dataset,wav,b8e3e44848b456e1c8b60ff26d480b63,F,food,False,8000,1,10916,1.3645,0.061279296875,0.004854029510170221,False,False,
dataset/F_MAG01_EU_FN_FED01_302.wav,dataset,wav,919e29eb6c83dadf3edd16ce7dbf9f09,F,food,False,8000,1,12995,1.624375,0.08978271484375,0.0106699513271451,False,False,
dataset/F_MAG01_EU_FN_FED01_303.wav,dataset,wav,9abb181ff527b36be4d900020a8bccfb,F,food,False,8000,1,12132,1.5165,0.0802001953125,0.006529930979013443,False,False,
dataset/F_MAG01_EU_FN_FED01_304.wav,dataset,wav,3c0849279044a1819c00f142fb5b0d6b,F,food,False,8000,1,11979,1.497375,0.045745849609375,0.00479954294860363,False,False,
dataset/F_MAG01_EU_FN_FED01_305.wav,dataset,wav,3284a082c89b220593e0f39a92b93843,F,food,False,8000,1,13509,1.688625,0.151458740234375,0.02563992142677307,False,False,
dataset/F_MAT01_EU_FN_RIT01_101.wav,dataset,wav,c05d0c2425789306868463e024b1a8a4,F,food,False,8000,1,16577,2.072125,0.038238525390625,0.007201474625617266,False,False,
dataset/F_MAT01_EU_FN_RIT01_102.wav,dataset,wav,3524ad4e55d9001966e65d2e19b45ec7,F,food,False,8000,1,14048,1.756,0.011810302734375,0.002220508409664035,False,False,
dataset/F_MAT01_EU_FN_RIT01_103.wav,dataset,wav,b5dee9039d3f7a559b16a05fa481ccb9,F,food,False,8000,1,15033,1.879125,0.007354736328125,0.0018222833750769496,False,False,
dataset/F_MAT01_EU_FN_RIT01_301.wav,dataset,wav,8b1526372b7a430d70834cc57feb3464,F,food,False,8000,1,17719,2.214875,0.0364990234375,0.006145257502794266,False,False,
dataset/F_MAT01_EU_FN_RIT01_302.wav,dataset,wav,70f14faf0df890a96f1213ff6845f683,F,food,False,8000,1,15053,1.881625,0.0242919921875,0.004485682584345341,False,False,
dataset/F_MAT01_EU_FN_RIT01_303.wav,dataset,wav,cea1a11c3df9c9d6c4e2f69f68d469f7,F,food,False,8000,1,14623,1.827875,0.02264404296875,0.0020717820152640343,False,False,
dataset/F_MEG01_MC_FI_SIM01_301.wav,dataset,wav,cd0c5611fbb35c2c43b94f480df944ea,F,food,False,8000,1,11616,1.452,0.09332275390625,0.00906110368669033,False,False,
dataset/F_MEG01_MC_FI_SIM01_302.wav,dataset,wav,c5e0a53c1a55a9259fb1b1eca7e6bc4d,F,food,False,8000,1,11395,1.424375,0.151947021484375,0.01968591846525669,False,False,
dataset/F_MEG01_MC_FI_SIM01_303.wav,dataset,wav,196ddc996d2546ef008d7785096271de,F,food,False,8000,1,13220,1.6525,0.203033447265625,0.021917231380939484,False,False,
dataset/F_MEG01_MC_FI_SIM01_304.wav,dataset,wav,fc36a724c96afbfc3cf344a151292386,F,food,False,8000,1,12300,1.5375,0.1826171875,0.02328079752624035,False,False,
dataset/F_MIN01_EU_FN_BEN01_101.wav,dataset,wav,53ceb5e3d21e2439e6683386cad24065,F,food,False,8000,1,14258,1.78225,0.07464599609375,0.010624456219375134,False,False,
dataset/F_MIN01_EU_FN_BEN01_102.wav,dataset,wav,d8ee34adc13a6089e5bc452bf835892a,F,food,False,8000,1,15285,1.910625,0.10504150390625,0.010272224433720112,False,False,
dataset/F_MIN01_EU_FN_BEN01_103.wav,dataset,wav,9c65aadde531a87cf2618d53a214c30a,F,food,False,8000,1,12007,1.500875,0.096832275390625,0.013323300518095493,False,False,
dataset/F_MIN01_EU_FN_BEN01_104.wav,dataset,wav,f09de3ad5970e960ed616d605b97d1bc,F,food,False,8000,1,12769,1.596125,0.058624267578125,0.007721464615315199,False,False,
dataset/F_REG01_EU_FN_GIO01_201.wav,dataset,wav,60237cda9d2b56bae109ff4fee510116,F,food,False,8000,1,16577,2.072125,0.03289794921875,0.0027721093501895666,False,False,
dataset/F_SPI01_EU_MN_NAI01_101.wav,dataset,wav,2df477753fab1372d7ff1f581ec02a67,F,food,False,8000,1,15615,1.951875,0.09625244140625,0.014645037241280079,False,False,
dataset/F_SPI01_EU_MN_NAI01_102.wav,dataset,wav,d5aee7478d6bc785c6f23abfdd4f250d,F,food,False,8000,1,17235,2.154375,0.061126708984375,0.011435388587415218,False,False,
dataset/F_SPI01_EU_MN_NAI01_103.wav,dataset,wav,5f947cb71d7318749cdd250578778135,F,food,False,8000,1,16749,2.093625,0.06640625,0.012156025506556034,False,False,
dataset/F_SPI01_EU_MN_NAI01_104.wav,dataset,wav,73e38d55cd9441402efafcfe6d47bcf1,F,food,False,8000,1,16695,2.086875,0.091064453125,0.011796485632658005,False,False,
dataset/F_SPI01_EU_MN_NAI01_201.wav,dataset,wav,b6c11aa39f11fc7064ab6dc0a78e8920,F,food,False,8000,1,18423,2.302875,0.072906494140625,0.008879045955836773,False,False,
dataset/F_SPI01_EU_MN_NAI01_202.wav,dataset,wav,a28e66467478ae0f38d2da99fc92c257,F,food,False,8000,1,15561,1.945125,0.12506103515625,0.018262604251503944,False,False,
dataset/F_SPI01_EU_MN_NAI01_203.wav,dataset,wav,32ca7e6dc308cadc760a53699305da99,F,food,False,8000,1,17559,2.194875,0.08984375,0.01451673824340105,False,False,
dataset/F_SPI01_EU_MN_NAI01_301.wav,dataset,wav,80a890f892dac3ab8a5209798377abf0,F,food,False,8000,1,18296,2.287,0.04876708984375,0.006682600360363722,False,False,
dataset/F_WHO01_MC_FI_SIM01_101.wav,dataset,wav,35f3fef3fd8757f424fe353917db8dda,F,food,False,8000,1,16354,2.04425,0.301513671875,0.065895676612854,False,False,
dataset/F_WHO01_MC_FI_SIM01_102.wav,dataset,wav,cc079f02fc59b4067a2bc5e751e2f60e,F,food,False,8000,1,15841,1.980125,0.415252685546875,0.09649835526943207,False,False,
dataset/F_WHO01_MC_FI_SIM01_103.wav,dataset,wav,78428968b1a7486a33d7e35d512919c6,F,food,False,8000,1,13640,1.705,0.17919921875,0.015336429700255394,False,False,
dataset/F_WHO01_MC_FI_SIM01_301.wav,dataset,wav,f93a0a5282fbbe78142e7e24927e6b43,F,food,False,8000,1,10518,1.31475,0.077972412109375,0.006911403965204954,False,False,
dataset/F_WHO01_MC_FI_SIM01_302.wav,dataset,wav,7bcd93ff2cb418cb6a4b335f9c368ef3,F,food,False,8000,1,11048,1.381,0.04583740234375,0.0038965933490544558,False,False,
dataset/F_WHO01_MC_FI_SIM01_303.wav,dataset,wav,77815a768c5caf4cd38b6cc663f320b8,F,food,False,8000,1,10402,1.30025,0.0394287109375,0.0036379832308739424,False,False,
dataset/F_WHO01_MC_FI_SIM01_304.wav,dataset,wav,22a63df1711e2c361a8a656bca7f69cf,F,food,False,8000,1,10005,1.250625,0.410614013671875,0.049291957169771194,False,False,
dataset/F_WHO01_MC_FI_SIM01_306.wav,dataset,wav,91266443eba707cc9212891e6fa6e820,F,food,False,8000,1,8684,1.0855,0.2957763671875,0.016061052680015564,False,False,
dataset/F_WHO01_MC_FI_SIM01_307.wav,dataset,wav,9842c7919f61e51f6ecf954cc0368a55,F,food,False,8000,1,11437,1.429625,0.267578125,0.038940027356147766,False,False,
dataset/I_ANI01_MC_FN_SIM01_101.wav,dataset,wav,d6daaffea7fa1ca483896aba21e10e3c,I,isolation,False,8000,1,16412,2.0515,0.47991943359375,0.0998348742723465,False,False,
dataset/I_ANI01_MC_FN_SIM01_102.wav,dataset,wav,fccb2b15b9821b3c6a26821cc5a3549d,I,isolation,False,8000,1,19597,2.449625,0.17169189453125,0.04035729169845581,False,False,
dataset/I_ANI01_MC_FN_SIM01_103.wav,dataset,wav,82f338a62327b0dfb31e349408d81b1c,I,isolation,False,8000,1,20946,2.61825,0.262054443359375,0.05287021026015282,False,False,
dataset/I_ANI01_MC_FN_SIM01_104.wav,dataset,wav,82d664f181685fae5eaa7c8943e40f6f,I,isolation,False,8000,1,16034,2.00425,0.498199462890625,0.09608946740627289,False,False,
dataset/I_BAC01_MC_MN_SIM01_101.wav,dataset,wav,e9ea9c927bc2768498dacbbe6133f2d8,I,isolation,False,8000,1,14806,1.85075,0.2740478515625,0.061151403933763504,False,False,
dataset/I_BAC01_MC_MN_SIM01_102.wav,dataset,wav,046783bc740b42cf001db03e85f8f37b,I,isolation,False,8000,1,12721,1.590125,0.339447021484375,0.046899933367967606,False,False,
dataset/I_BAC01_MC_MN_SIM01_103.wav,dataset,wav,1b0127506ffec6b973487b58c3a253d8,I,isolation,False,8000,1,12254,1.53175,0.118255615234375,0.01729612797498703,False,False,
dataset/I_BAC01_MC_MN_SIM01_301.wav,dataset,wav,8a3999029fac08bddaea1c5464b5a2ae,I,isolation,False,8000,1,11084,1.3855,0.048797607421875,0.003198495600372553,False,False,
dataset/I_BAC01_MC_MN_SIM01_302.wav,dataset,wav,a92769f9dad88f2c76b15456551b3d05,I,isolation,False,8000,1,10185,1.273125,0.330352783203125,0.03998884558677673,False,False,
dataset/I_BAC01_MC_MN_SIM01_303.wav,dataset,wav,a5c1cbfc07092cb26b31748823538f27,I,isolation,False,8000,1,9770,1.22125,0.45037841796875,0.049322132021188736,False,False,
dataset/I_BAC01_MC_MN_SIM10_102.wav,dataset,wav,bc142d32b51808e522dd73f54c3e7aa9,I,isolation,False,8000,1,14594,1.82425,0.339447021484375,0.043787632137537,False,False,
dataset/I_BLE01_EU_FN_DEL01_101.wav,dataset,wav,20b4c4b21feaef28f533ec28fafd4c10,I,isolation,False,8000,1,16469,2.058625,0.11273193359375,0.018014371395111084,False,False,
dataset/I_BLE01_EU_FN_DEL01_102.wav,dataset,wav,68a5f447ba95550537797b882c031346,I,isolation,False,8000,1,15841,1.980125,0.18536376953125,0.024146869778633118,False,False,
dataset/I_BLE01_EU_FN_DEL01_103.wav,dataset,wav,26f6d6fa7c9e42a450c9b30f48751e4d,I,isolation,False,8000,1,15583,1.947875,0.187591552734375,0.027653492987155914,False,False,
dataset/I_BLE01_EU_FN_DEL01_104.wav,dataset,wav,1fbbeba5399541f50df0292367512b60,I,isolation,False,8000,1,13481,1.685125,0.103851318359375,0.015075217932462692,False,False,
dataset/I_BLE01_EU_FN_DEL01_105.wav,dataset,wav,a48a6d68c874c4dd698870ea5ac93981,I,isolation,False,8000,1,13134,1.64175,0.10791015625,0.015073210000991821,False,False,
dataset/I_BLE01_EU_FN_DEL01_106.wav,dataset,wav,a6b56c5a9e9c19c38c5e5862ac51625f,I,isolation,False,8000,1,14433,1.804125,0.1195068359375,0.015070497989654541,False,False,
dataset/I_BLE01_EU_FN_DEL01_107.wav,dataset,wav,9f61406c8e6ad0f03fc27783a2055b74,I,isolation,False,8000,1,12732,1.5915,0.116180419921875,0.01707620918750763,False,False,
dataset/I_BLE01_EU_FN_DEL01_108.wav,dataset,wav,568d5eaecdbd46e8af8512c694d68d5f,I,isolation,False,8000,1,13293,1.661625,0.158721923828125,0.02187054231762886,False,False,
dataset/I_BLE01_EU_FN_DEL01_109.wav,dataset,wav,7a6753fd979e133e7e87e059e5cf1752,I,isolation,False,8000,1,13971,1.746375,0.141082763671875,0.02111627906560898,False,False,
dataset/I_BLE01_EU_FN_DEL01_110.wav,dataset,wav,8dea1088a1f37f4228acc7337843ce8e,I,isolation,False,8000,1,13221,1.652625,0.1107177734375,0.01808009296655655,False,False,
dataset/I_BLE01_EU_FN_DEL01_201.wav,dataset,wav,75a42510b6ab2036c712dc87fb868e17,I,isolation,False,8000,1,15593,1.949125,0.1148681640625,0.015604548156261444,False,False,
dataset/I_BLE01_EU_FN_DEL01_202.wav,dataset,wav,62de30a79ad57d92b4559535d7756282,I,isolation,False,8000,1,16615,2.076875,0.16961669921875,0.0257103368639946,False,False,
dataset/I_BLE01_EU_FN_DEL01_203.wav,dataset,wav,a825d5a85106482c5d1cf6c7a01f7e11,I,isolation,False,8000,1,16542,2.06775,0.1409912109375,0.02515431120991707,False,False,
dataset/I_BLE01_EU_FN_DEL01_204.wav,dataset,wav,fa8729bb0d42b3a4b938501a069ff03a,I,isolation,False,8000,1,16177,2.022125,0.20025634765625,0.031108016148209572,False,False,
dataset/I_BLE01_EU_FN_DEL01_205.wav,dataset,wav,09d2fa348d13624ae49040894a46635e,I,isolation,False,8000,1,15374,1.92175,0.215484619140625,0.03659656643867493,False,False,
dataset/I_BLE01_EU_FN_DEL01_206.wav,dataset,wav,06a197a6177da10eefcc447545ed1db9,I,isolation,False,8000,1,16834,2.10425,0.147705078125,0.026926608756184578,False,False,
dataset/I_BLE01_EU_FN_DEL01_207.wav,dataset,wav,aa86eab089e27847376a4fb4df17589c,I,isolation,False,8000,1,15301,1.912625,0.13555908203125,0.02164803445339203,False,False,
dataset/I_BLE01_EU_FN_DEL01_208.wav,dataset,wav,64f3eca755d812d992d4ec12c97805c1,I,isolation,False,8000,1,15739,1.967375,0.159088134765625,0.02794848568737507,False,False,
dataset/I_BLE01_EU_FN_DEL01_209.wav,dataset,wav,d380c17c88d6a7532c9f4332e76f24e7,I,isolation,False,8000,1,15885,1.985625,0.13226318359375,0.0218496173620224,False,False,
dataset/I_BLE01_EU_FN_DEL01_210.wav,dataset,wav,35b44489f5b7730c947c85fb618f3899,I,isolation,False,8000,1,15447,1.930875,0.1439208984375,0.025815878063440323,False,False,
dataset/I_BLE01_EU_FN_DEL01_211.wav,dataset,wav,32bbaafa4a1525498aeeccedfc2172d5,I,isolation,False,8000,1,15155,1.894375,0.20654296875,0.031146526336669922,False,False,
dataset/I_BLE01_EU_FN_DEL01_212.wav,dataset,wav,ef66497dd974997a9df5085c7b1af561,I,isolation,False,8000,1,16323,2.040375,0.213836669921875,0.035320982336997986,False,False,
dataset/I_BLE01_EU_FN_DEL01_213.wav,dataset,wav,f4b2cdb18717bbffcf3a7b8e6b2664d8,I,isolation,False,8000,1,15520,1.94,0.181884765625,0.026846617460250854,False,False,
dataset/I_BLE01_EU_FN_DEL01_214.wav,dataset,wav,a70bffddf6b56baeaccdb1214676d172,I,isolation,False,8000,1,15155,1.894375,0.131591796875,0.018060727044939995,False,False,
dataset/I_BLE01_EU_FN_DEL01_215.wav,dataset,wav,d6cfc3068e934d61804bd324f46664bb,I,isolation,False,8000,1,14133,1.766625,0.12445068359375,0.016791455447673798,False,False,
dataset/I_BLE01_EU_FN_DEL01_216.wav,dataset,wav,f07a76510b208927c5a6005a90ac082c,I,isolation,False,8000,1,14571,1.821375,0.1009521484375,0.013216807506978512,False,False,
dataset/I_BLE01_EU_FN_DEL01_217.wav,dataset,wav,623cb059a84d0ef9fe6747950313699c,I,isolation,False,8000,1,16031,2.003875,0.08648681640625,0.014153780415654182,False,False,
dataset/I_BLE01_EU_FN_DEL01_218.wav,dataset,wav,554bd8d8f803989bd06241da2ccac22d,I,isolation,False,8000,1,23477,2.934625,0.134857177734375,0.02088232897222042,False,False,
dataset/I_BLE01_EU_FN_DEL01_219.wav,dataset,wav,c31e9348faf39e16c3e239960a720a1d,I,isolation,False,8000,1,15228,1.9035,0.137359619140625,0.018545299768447876,False,False,
dataset/I_BLE01_EU_FN_DEL01_301.wav,dataset,wav,daf82ea585dba9ee735f9fee6e2eaeff,I,isolation,False,8000,1,19543,2.442875,0.08087158203125,0.011065380647778511,False,False,
dataset/I_BLE01_EU_FN_DEL01_302.wav,dataset,wav,b934dcc067bdfd7c27a3ace385050da6,I,isolation,False,8000,1,15773,1.971625,0.173583984375,0.02616298198699951,False,False,
dataset/I_BLE01_EU_FN_DEL01_303.wav,dataset,wav,d69a92fc7733990a14e0d62da1abf115,I,isolation,False,8000,1,15309,1.913625,0.16314697265625,0.02623821794986725,False,False,
dataset/I_BLE01_EU_FN_DEL01_304.wav,dataset,wav,6ee9844c9ba89af2dae4b86b49487496,I,isolation,False,8000,1,16063,2.007875,0.196075439453125,0.03466456010937691,False,False,
dataset/I_BLE01_EU_FN_DEL01_305.wav,dataset,wav,c459a315a69b0103a78be7e4bafbd945,I,isolation,False,8000,1,16701,2.087625,0.12176513671875,0.020963823422789574,False,False,
dataset/I_BLE01_EU_FN_DEL01_306.wav,dataset,wav,e94a97f656cbaf992178d1337d8fd73d,I,isolation,False,8000,1,17948,2.2435,0.2071533203125,0.03320649266242981,False,False,
dataset/I_BLE01_EU_FN_DEL01_307.wav,dataset,wav,4b6fd5db0b80a54a7814913d8ad38d51,I,isolation,False,8000,1,15164,1.8955,0.201416015625,0.03504272550344467,False,False,
dataset/I_BLE01_EU_FN_DEL01_308.wav,dataset,wav,237a97dd8639b2b55db6bd3d4c954817,I,isolation,False,8000,1,14932,1.8665,0.141082763671875,0.01983986236155033,False,False,
dataset/I_BLE01_EU_FN_DEL01_309.wav,dataset,wav,c7462d1e3e4673a82380ba5f6d7dd1d0,I,isolation,False,8000,1,15541,1.942625,0.13787841796875,0.015150241553783417,False,False,
dataset/I_BLE01_EU_FN_DEL01_310.wav,dataset,wav,4f3153cf2de2d30276fe5434eb3444d9,I,isolation,False,8000,1,15512,1.939,0.18072509765625,0.033353738486766815,False,False,
dataset/I_BLE01_EU_FN_DEL01_311.wav,dataset,wav,9abeb13287934b25fa0ba3efcfb5b66b,I,isolation,False,8000,1,15570,1.94625,0.190887451171875,0.02817280776798725,False,False,
dataset/I_BLE01_EU_FN_DEL01_401.wav,dataset,wav,9cc37e05d85f4dd15ed6a52c549ede11,I,isolation,False,8000,1,19221,2.402625,0.09771728515625,0.010031907819211483,False,False,
dataset/I_BLE01_EU_FN_DEL01_402.wav,dataset,wav,7c88d7f4372490116cec8e0852df0cb6,I,isolation,False,8000,1,14271,1.783875,0.14990234375,0.018367471173405647,False,False,
dataset/I_BLE01_EU_FN_DEL01_403.wav,dataset,wav,9aabd6453fa2c496bc3851ba0ada612d,I,isolation,False,8000,1,15657,1.957125,0.1505126953125,0.021195463836193085,False,False,
dataset/I_BLE01_EU_FN_DEL01_404.wav,dataset,wav,9991d3a0ba085cffa65a5dc6ae47f8db,I,isolation,False,8000,1,15525,1.940625,0.10186767578125,0.016883298754692078,False,False,
dataset/I_BLE01_EU_FN_DEL01_405.wav,dataset,wav,467dad7d9acc9a31fcb41a0962d821d7,I,isolation,False,8000,1,16119,2.014875,0.12933349609375,0.020163841545581818,False,False,
dataset/I_BRA01_MC_MN_SIM01_101.wav,dataset,wav,6822b77575e7e4aaaa115555ca5c06c7,I,isolation,False,8000,1,13490,1.68625,0.27056884765625,0.047408558428287506,False,False,
dataset/I_BRA01_MC_MN_SIM01_102.wav,dataset,wav,56af82b66d909e8f4b993024279b74c9,I,isolation,False,8000,1,14339,1.792375,0.2972412109375,0.027650734409689903,False,False,
dataset/I_BRA01_MC_MN_SIM01_103.wav,dataset,wav,7a0212ffb5a6189f076d68444cdca392,I,isolation,False,8000,1,15147,1.893375,0.215789794921875,0.04398447647690773,False,False,
dataset/I_BRA01_MC_MN_SIM01_104.wav,dataset,wav,b0ca48d18017186bae201fcc5c689061,I,isolation,False,8000,1,16242,2.03025,0.3172607421875,0.060182105749845505,False,False,
dataset/I_BRA01_MC_MN_SIM01_301.wav,dataset,wav,6149f79abd019fd9cce46fe883ede842,I,isolation,False,8000,1,16216,2.027,0.31982421875,0.047970663756132126,False,False,
dataset/I_BRA01_MC_MN_SIM01_302.wav,dataset,wav,cba2e8d6e7e0107a9a8362b1e45149bf,I,isolation,False,8000,1,13204,1.6505,0.261383056640625,0.03772352635860443,False,False,
dataset/I_BRA01_MC_MN_SIM01_303.wav,dataset,wav,636a312b44ca6b49176fe4e5e7ff25d7,I,isolation,False,8000,1,12649,1.581125,0.196563720703125,0.02387162484228611,False,False,
dataset/I_BRA01_MC_MN_SIM01_304.wav,dataset,wav,1ee870f72aa0e74fcb604da52bbef462,I,isolation,False,8000,1,12741,1.592625,0.3062744140625,0.04580070078372955,False,False,
dataset/I_BRA01_MC_MN_SIM01_305.wav,dataset,wav,4e8cd9a981a56f51889555d5d3ebe7ee,I,isolation,False,8000,1,13714,1.71425,0.1610107421875,0.0293157659471035,False,False,
dataset/I_BRA01_MC_MN_SIM01_306.wav,dataset,wav,d7ec12ee569a7ed78d9c91a7c1502adc,I,isolation,False,8000,1,13667,1.708375,0.3277587890625,0.03453937545418739,False,False,
dataset/I_CAN01_EU_FN_GIA01_101.wav,dataset,wav,89d595986c4a14b9c43cdeb625b61624,I,isolation,False,8000,1,11674,1.45925,0.1407470703125,0.022986114025115967,False,False,
dataset/I_CAN01_EU_FN_GIA01_102.wav,dataset,wav,35ae59ccab2bca0817812b882a074bc5,I,isolation,False,8000,1,11109,1.388625,0.137542724609375,0.02149958349764347,False,False,
dataset/I_CAN01_EU_FN_GIA01_103.wav,dataset,wav,b61e10086809ca91a716afa17fe0dedd,I,isolation,False,8000,1,13075,1.634375,0.1025390625,0.013541140593588352,False,False,
dataset/I_CAN01_EU_FN_GIA01_104.wav,dataset,wav,5e384664a52bbd615e51dd634b63369c,I,isolation,False,8000,1,11962,1.49525,0.142425537109375,0.022368209436535835,False,False,
dataset/I_CAN01_EU_FN_GIA01_105.wav,dataset,wav,fd1df11cdea46ae3743c71f1ce2eaab2,I,isolation,False,8000,1,13028,1.6285,0.066131591796875,0.00940872635692358,False,False,
dataset/I_CAN01_EU_FN_GIA01_106.wav,dataset,wav,3829571b8609e81ad0e5506c670db03e,I,isolation,False,8000,1,12174,1.52175,0.1151123046875,0.014873510226607323,False,False,
dataset/I_CAN01_EU_FN_GIA01_107.wav,dataset,wav,1bf0db5697371322bd0d68246f68b4de,I,isolation,False,8000,1,13251,1.656375,0.073486328125,0.008905492722988129,False,False,
dataset/I_CAN01_EU_FN_GIA01_201.wav,dataset,wav,c9cc4e53fb0b7dcd1975387494000c0d,I,isolation,False,8000,1,14671,1.833875,0.134033203125,0.02310097962617874,False,False,
dataset/I_CAN01_EU_FN_GIA01_202.wav,dataset,wav,dbf466e9e5e5cff6c06b06bd4792267e,I,isolation,False,8000,1,14579,1.822375,0.137603759765625,0.024767206981778145,False,False,
dataset/I_CAN01_EU_FN_GIA01_203.wav,dataset,wav,bc3871fc927013156e2b781cff2db730,I,isolation,False,8000,1,14211,1.776375,0.157257080078125,0.025321733206510544,False,False,
dataset/I_CAN01_EU_FN_GIA01_204.wav,dataset,wav,51609df3bcee03fc9a8ac2ab5b9b4c32,I,isolation,False,8000,1,14395,1.799375,0.18768310546875,0.02633001282811165,False,False,
dataset/I_CAN01_EU_FN_GIA01_205.wav,dataset,wav,93044ef63ef5485272a36187d8be90f5,I,isolation,False,8000,1,18397,2.299625,0.134735107421875,0.022210054099559784,False,False,
dataset/I_CAN01_EU_FN_GIA01_206.wav,dataset,wav,e1cafdcd2fa071492196d96275ba2561,I,isolation,False,8000,1,14855,1.856875,0.1273193359375,0.021124647930264473,False,False,
dataset/I_CAN01_EU_FN_GIA01_207.wav,dataset,wav,bb56bcbed675486ca3379858fffe29da,I,isolation,False,8000,1,14579,1.822375,0.13543701171875,0.020900148898363113,False,False,
dataset/I_CAN01_EU_FN_GIA01_208.wav,dataset,wav,1615a59d3ea75baf720bef01879d4cde,I,isolation,False,8000,1,14165,1.770625,0.159912109375,0.026082009077072144,False,False,
dataset/I_CAN01_EU_FN_GIA01_209.wav,dataset,wav,e3bfc4b74acf01511a1ecb4317f03e15,I,isolation,False,8000,1,14809,1.851125,0.054168701171875,0.0034466409124433994,False,False,
dataset/I_CAN01_EU_FN_GIA01_210.wav,dataset,wav,cde1b71188feca6fce318feae23bb1dd,I,isolation,False,8000,1,14487,1.810875,0.06036376953125,0.008634636178612709,False,False,
dataset/I_CAN01_EU_FN_GIA01_211.wav,dataset,wav,403b5f4d64b5dbdeb4617ccdcac6b886,I,isolation,False,8000,1,13889,1.736125,0.10235595703125,0.01736789010465145,False,False,
dataset/I_CAN01_EU_FN_GIA01_212.wav,dataset,wav,b32365cfbe543900f1c5221345aa1721,I,isolation,False,8000,1,13705,1.713125,0.060638427734375,0.0100472467020154,False,False,
dataset/I_CAN01_EU_FN_GIA01_301.wav,dataset,wav,f551289f21d6dc501bfddb1305addfe0,I,isolation,False,8000,1,15233,1.904125,0.048828125,0.007650577463209629,False,False,
dataset/I_CAN01_EU_FN_GIA01_302.wav,dataset,wav,db677e801283f2e5c3bf68ae403b29b1,I,isolation,False,8000,1,14081,1.760125,0.07135009765625,0.010378643870353699,False,False,
dataset/I_CAN01_EU_FN_GIA01_303.wav,dataset,wav,d676bf75f9487aca42fcc376daf5f62b,I,isolation,False,8000,1,14657,1.832125,0.0712890625,0.010697571560740471,False,False,
dataset/I_CAN01_EU_FN_GIA01_304.wav,dataset,wav,942957fcc2cc6776398a4284dad180fa,I,isolation,False,8000,1,14593,1.824125,0.09271240234375,0.015362042933702469,False,False,
dataset/I_CAN01_EU_FN_GIA01_305.wav,dataset,wav,d736b8301ef18d6c8f77a006729914d7,I,isolation,False,8000,1,14401,1.800125,0.05804443359375,0.008256037719547749,False,False,
dataset/I_CAN01_EU_FN_GIA01_306.wav,dataset,wav,e710de604bffac4e7aee95a194759047,I,isolation,False,8000,1,13551,1.693875,0.06573486328125,0.009871812537312508,False,False,
dataset/I_CAN01_EU_FN_GIA01_307.wav,dataset,wav,98e01c85fce244a8783dcc895f5cc4a6,I,isolation,False,8000,1,14100,1.7625,0.034515380859375,0.004600496031343937,False,False,
dataset/I_CLE01_EU_FN_FER01_101.wav,dataset,wav,b257f44ac9a159bc6cb0d2312592a3bb,I,isolation,False,8000,1,16209,2.026125,0.0257568359375,0.004635561257600784,False,False,
dataset/I_CLE01_EU_FN_FER01_102.wav,dataset,wav,7a173b18b64d63c270b8e329ebdb87e1,I,isolation,False,8000,1,15777,1.972125,0.039306640625,0.005664186552166939,False,False,
dataset/I_CLE01_EU_FN_FER01_103.wav,dataset,wav,330dc618226e877a5a86874b87cd2a0b,I,isolation,False,8000,1,16695,2.086875,0.12799072265625,0.01791861653327942,False,False,
dataset/I_CLE01_EU_FN_FER01_104.wav,dataset,wav,6a14bf8625ac019fc87928a5a2e8a58d,I,isolation,False,8000,1,15183,1.897875,0.103485107421875,0.013511433266103268,False,False,
dataset/I_CLE01_EU_FN_FER01_105.wav,dataset,wav,650a3d2a8697c06129a336b4e7a4cddc,I,isolation,False,8000,1,15345,1.918125,0.058349609375,0.010718699544668198,False,False,
dataset/I_CLE01_EU_FN_FER01_106.wav,dataset,wav,a026be086dada0d438c232a3e2e77963,I,isolation,False,8000,1,14481,1.810125,0.18798828125,0.02754146419465542,False,False,
dataset/I_CLE01_EU_FN_FER01_107.wav,dataset,wav,4f23848f97e2c6c664c69ade4da70eb8,I,isolation,False,8000,1,16317,2.039625,0.19134521484375,0.0282971803098917,False,False,
dataset/I_CLE01_EU_FN_FER01_109.wav,dataset,wav,0c4e6d3c5d20092094f6c2e8267e10bb,I,isolation,False,8000,1,16101,2.012625,0.0684814453125,0.013835111632943153,False,False,
dataset/I_CLE01_EU_FN_FER01_110.wav,dataset,wav,393f004db9446c669f899c87c7caa1bf,I,isolation,False,8000,1,16209,2.026125,0.2001953125,0.028397293761372566,False,False,
dataset/I_CLE01_EU_FN_FER01_111.wav,dataset,wav,26f6bb2c2e8522ce9bc7bff7c33b24da,I,isolation,False,8000,1,15345,1.918125,0.155517578125,0.02365698292851448,False,False,
dataset/I_CLE01_EU_FN_FER01_112.wav,dataset,wav,c12ddbdccc8cb2b54936f4a5d96b9484,I,isolation,False,8000,1,15399,1.924875,0.1353759765625,0.020149623975157738,False,False,
dataset/I_CLE01_EU_FN_FER01_113.wav,dataset,wav,6d7756f12c40f050f20c1e0d800e4398,I,isolation,False,8000,1,14859,1.857375,0.16790771484375,0.02469678595662117,False,False,
dataset/I_CLE01_EU_FN_FER01_114.wav,dataset,wav,ea2423ab58d82710a10f6d1bee1d4b3b,I,isolation,False,8000,1,14373,1.796625,0.20782470703125,0.028555333614349365,False,False,
dataset/I_CLE01_EU_FN_FER01_115.wav,dataset,wav,5643d265fbeccb76efaa0def2ec585b4,I,isolation,False,8000,1,16101,2.012625,0.2554931640625,0.05050643905997276,False,False,
dataset/I_CLE01_EU_FN_FER01_116.wav,dataset,wav,a524e735748f365ab6604905671eff72,I,isolation,False,8000,1,16911,2.113875,0.26397705078125,0.04199711233377457,False,False,
dataset/I_CLE01_EU_FN_FER01_117.wav,dataset,wav,f089f6871ffad39306c2993261b65fea,I,isolation,False,8000,1,14427,1.803375,0.16168212890625,0.022351091727614403,False,False,
dataset/I_CLE01_EU_FN_FER01_118.wav,dataset,wav,eb006caca304292804b4d1bcebd209c7,I,isolation,False,8000,1,16533,2.066625,0.23419189453125,0.03710447624325752,False,False,
dataset/I_CLE01_EU_FN_FER01_119.wav,dataset,wav,592219c0087e11c5c28f6dc3d64aa13a,I,isolation,False,8000,1,16641,2.080125,0.235626220703125,0.03601793944835663,False,False,
dataset/I_CLE01_EU_FN_FER01_120.wav,dataset,wav,6249d3269ca11fcbfe39a457d4b79f55,I,isolation,False,8000,1,17181,2.147625,0.174072265625,0.027340037748217583,False,False,
dataset/I_CLE01_EU_FN_FER01_121.wav,dataset,wav,cdd811adfb166a766f7acfcaf7d95ad6,I,isolation,False,8000,1,14657,1.832125,0.24664306640625,0.04120203107595444,False,False,
dataset/I_DAK01_MC_FN_SIM01_101.wav,dataset,wav,826a6f57b4d64adc4ea3305684ffce1e,I,isolation,False,8000,1,14546,1.81825,0.316558837890625,0.052241113036870956,False,False,
dataset/I_DAK01_MC_FN_SIM01_102.wav,dataset,wav,91d30e6db74587e1b6a02b6c7598bf62,I,isolation,False,8000,1,14498,1.81225,0.365234375,0.06313259899616241,False,False,
dataset/I_DAK01_MC_FN_SIM01_103.wav,dataset,wav,913cd178e9773cd2ac59cb15c4528dea,I,isolation,False,8000,1,14924,1.8655,0.34857177734375,0.05844059959053993,False,False,
dataset/I_DAK01_MC_FN_SIM01_104.wav,dataset,wav,2243ad84eb3800e60321000077eccd6f,I,isolation,False,8000,1,13412,1.6765,0.36328125,0.05652804672718048,False,False,
dataset/I_DAK01_MC_FN_SIM01_105.wav,dataset,wav,adda090e68594ac5b202e9c56f006037,I,isolation,False,8000,1,12862,1.60775,0.360321044921875,0.0580349825322628,False,False,
dataset/I_DAK01_MC_FN_SIM01_106.wav,dataset,wav,c52361f3b1d6d75b6ea0c4c079cd67ed,I,isolation,False,8000,1,12132,1.5165,0.28765869140625,0.05352342501282692,False,False,
dataset/I_DAK01_MC_FN_SIM01_107.wav,dataset,wav,e419ad8ef2edf95aab9b7f7af933d787,I,isolation,False,8000,1,13717,1.714625,0.46331787109375,0.09467235207557678,False,False,
dataset/I_DAK01_MC_FN_SIM01_108.wav,dataset,wav,bcfda023a5f95864f73c455e54a6a2ca,I,isolation,False,8000,1,15529,1.941125,0.305816650390625,0.0466679185628891,False,False,
dataset/I_DAK01_MC_FN_SIM01_109.wav,dataset,wav,761cfec3b6100b26daec0ea446e062ee,I,isolation,False,8000,1,13609,1.701125,0.4490966796875,0.07753769308328629,False,False,
dataset/I_DAK01_MC_FN_SIM01_110.wav,dataset,wav,e2abf42c7b4f09bee825f6cf5abc6473,I,isolation,False,8000,1,14949,1.868625,0.415802001953125,0.06429150700569153,False,False,
dataset/I_DAK01_MC_FN_SIM01_111.wav,dataset,wav,a7910c9e94ab8d3f6659a4019987e148,I,isolation,False,8000,1,13187,1.648375,0.41632080078125,0.06814803928136826,False,False,
dataset/I_DAK01_MC_FN_SIM01_112.wav,dataset,wav,4b314c387a26bf04b86acd8449fd63d6,I,isolation,False,8000,1,13425,1.678125,0.40576171875,0.07792338728904724,False,False,
dataset/I_DAK01_MC_FN_SIM01_113.wav,dataset,wav,5678b1d0d97447c966d831054a732783,I,isolation,False,8000,1,12366,1.54575,0.404052734375,0.05973012000322342,False,False,
dataset/I_DAK01_MC_FN_SIM01_114.wav,dataset,wav,05cd05809d20e854ada502cb6ee95d83,I,isolation,False,8000,1,13356,1.6695,0.477752685546875,0.0560193806886673,False,False,
dataset/I_DAK01_MC_FN_SIM01_115.wav,dataset,wav,04496e9a08fbdb1cbcd98a3c9dc0780c,I,isolation,False,8000,1,14156,1.7695,0.295654296875,0.05609896779060364,False,False,
dataset/I_DAK01_MC_FN_SIM01_116.wav,dataset,wav,f2fcdbab04340291b160dbc8a09a4bb0,I,isolation,False,8000,1,13246,1.65575,0.42626953125,0.056431498378515244,False,False,
dataset/I_DAK01_MC_FN_SIM01_301.wav,dataset,wav,26cd85a4de1fd4caed61f06513ddd32c,I,isolation,False,8000,1,15414,1.92675,0.456817626953125,0.07994122803211212,False,False,
dataset/I_DAK01_MC_FN_SIM01_302.wav,dataset,wav,7ba09e7ae7ad33587c9aa95b9f81fe87,I,isolation,False,8000,1,14351,1.793875,0.527587890625,0.09886696934700012,False,False,
dataset/I_DAK01_MC_FN_SIM01_303.wav,dataset,wav,e383c2d6deb7606fe164b413e46603e4,I,isolation,False,8000,1,16712,2.089,0.519927978515625,0.11095842719078064,False,False,
dataset/I_DAK01_MC_FN_SIM01_304.wav,dataset,wav,47cf9b6a94c37ad76580a875732a5167,I,isolation,False,8000,1,12486,1.56075,0.5272216796875,0.12882249057292938,False,False,
dataset/I_DAK01_MC_FN_SIM01_305.wav,dataset,wav,ae0c5fa7922f2f071b1ce0ce563b2300,I,isolation,False,8000,1,14245,1.780625,0.531341552734375,0.10751915723085403,False,False,
dataset/I_DAK01_MC_FN_SIM01_306.wav,dataset,wav,3e5618f2548269478855e12fa3780e8d,I,isolation,False,8000,1,14114,1.76425,0.516510009765625,0.13103993237018585,False,False,
dataset/I_DAK01_MC_FN_SIM01_307.wav,dataset,wav,7c1e81604507d10eec5a97f3b93f569a,I,isolation,False,8000,1,14113,1.764125,0.558837890625,0.11544156074523926,False,False,
dataset/I_DAK01_MC_FN_SIM01_308.wav,dataset,wav,1d36507c072833bd491cc7a29b347333,I,isolation,False,8000,1,13820,1.7275,0.55023193359375,0.12045484781265259,False,False,
dataset/I_DAK01_MC_FN_SIM01_309.wav,dataset,wav,9b2822ee4b9406441625edb7cb18014d,I,isolation,False,8000,1,13703,1.712875,0.56591796875,0.1304209679365158,False,False,
dataset/I_DAK01_MC_FN_SIM01_310.wav,dataset,wav,3f389af60adce26c627014e3e2906e67,I,isolation,False,8000,1,13624,1.703,0.579681396484375,0.1124960333108902,False,False,
dataset/I_DAK01_MC_FN_SIM01_311.wav,dataset,wav,3df6d497ac96d96671dddc1391d76d57,I,isolation,False,8000,1,13862,1.73275,0.55035400390625,0.1126660704612732,False,False,
dataset/I_DAK01_MC_FN_SIM01_312.wav,dataset,wav,3394972faf9a0d3808c1d549fe6c8bfe,I,isolation,False,8000,1,14312,1.789,0.559600830078125,0.13404580950737,False,False,
dataset/I_DAK01_MC_FN_SIM01_313.wav,dataset,wav,fa1147b19ce8400b2f19a66a7475976d,I,isolation,False,8000,1,14462,1.80775,0.554443359375,0.12518131732940674,False,False,
dataset/I_DAK01_MC_FN_SIM01_314.wav,dataset,wav,28ad83e0116c3c38d3d12453d5ecb890,I,isolation,False,8000,1,13563,1.695375,0.592132568359375,0.1340995579957962,False,False,
dataset/I_DAK01_MC_FN_SIM01_315.wav,dataset,wav,06f08f45c75ed82b91e36906f158fed3,I,isolation,False,8000,1,13625,1.703125,0.552978515625,0.10903482884168625,False,False,
dataset/I_DAK01_MC_FN_SIM01_316.wav,dataset,wav,247af0361be26d1e23f4cf0170eee1b0,I,isolation,False,8000,1,14454,1.80675,0.547698974609375,0.12113258242607117,False,False,
dataset/I_MAG01_EU_FN_FED01_101.wav,dataset,wav,19fdeb68fb70c2e7af484007871115bd,I,isolation,False,8000,1,16047,2.005875,0.180419921875,0.0336054190993309,False,False,
dataset/I_MAG01_EU_FN_FED01_201.wav,dataset,wav,d4a8341ae54f1d0946dd8cda5f294ad2,I,isolation,False,8000,1,14529,1.816125,0.165985107421875,0.030827205628156662,False,False,
dataset/I_MAG01_EU_FN_FED01_202.wav,dataset,wav,74089854aa34893981b0c0521f222863,I,isolation,False,8000,1,14393,1.799125,0.1890869140625,0.03925019130110741,False,False,
dataset/I_MAT01_EU_FN_RIT01_201.wav,dataset,wav,013de7bb1f2f586667ffca47526170f2,I,isolation,False,8000,1,18585,2.323125,0.069610595703125,0.007080712355673313,False,False,
dataset/I_MAT01_EU_FN_RIT01_202.wav,dataset,wav,527d3a55f4e1db1abc0d5da50b88c673,I,isolation,False,8000,1,15507,1.938375,0.1322021484375,0.015495418570935726,False,False,
dataset/I_MAT01_EU_FN_RIT01_203.wav,dataset,wav,a745fc9d277b7d5e29dbb7c0c3018428,I,isolation,False,8000,1,21393,2.674125,0.050506591796875,0.005605007521808147,False,False,
dataset/I_MAT01_EU_FN_RIT01_204.wav,dataset,wav,2b51eed4f6364bb37ee26620934557f7,I,isolation,False,8000,1,14535,1.816875,0.11468505859375,0.011239851824939251,False,False,
dataset/I_MAT01_EU_FN_RIT01_205.wav,dataset,wav,48747751e022ac8c3b03511245ec5430,I,isolation,False,8000,1,14913,1.864125,0.10125732421875,0.015855984762310982,False,False,
dataset/I_MAT01_EU_FN_RIT01_206.wav,dataset,wav,1d6b367d8635d868e5279781f6735be1,I,isolation,False,8000,1,14103,1.762875,0.07891845703125,0.013041139580309391,False,False,
dataset/I_MAT01_EU_FN_RIT01_207.wav,dataset,wav,121c359d3079e0a5239cae26aa9c9840,I,isolation,False,8000,1,17775,2.221875,0.03369140625,0.007039261981844902,False,False,
dataset/I_MAT01_EU_FN_RIT01_208.wav,dataset,wav,ada3a426b0d4960040a7f5a942391e87,I,isolation,False,8000,1,16641,2.080125,0.134521484375,0.013551045209169388,False,False,
dataset/I_MAT01_EU_FN_RIT01_209.wav,dataset,wav,42672d74cff1fe80cf5547c1bdede430,I,isolation,False,8000,1,15507,1.938375,0.094757080078125,0.010302094742655754,False,False,
dataset/I_MAT01_EU_FN_RIT01_210.wav,dataset,wav,2011505598d276b9ced506eb6586cf07,I,isolation,False,8000,1,17181,2.147625,0.051910400390625,0.0061055696569383144,False,False,
dataset/I_MEG01_MC_FI_SIM01_101.wav,dataset,wav,7ef056bfd7122e8ab17b2a78574fdfe4,I,isolation,False,8000,1,13906,1.73825,0.5101318359375,0.07253370434045792,False,False,
dataset/I_MEG01_MC_FI_SIM01_102.wav,dataset,wav,5152847136a320702d4f617b97eb9e7f,I,isolation,False,8000,1,14179,1.772375,0.3955078125,0.06541483849287033,False,False,
dataset/I_MEG01_MC_FI_SIM01_103.wav,dataset,wav,d99253cd5c6596499b41de1073dd9bca,I,isolation,False,8000,1,12362,1.54525,0.32745361328125,0.037780214101076126,False,False,
dataset/I_MEG01_MC_FI_SIM01_104.wav,dataset,wav,4b589bf5d4ae27ff7fbfe5c2e5a2b970,I,isolation,False,8000,1,12511,1.563875,0.24847412109375,0.03930426761507988,False,False,
dataset/I_MEG01_MC_FI_SIM01_301.wav,dataset,wav,79be3c637225c9b2a04e4c3ffd2810d0,I,isolation,False,8000,1,12844,1.6055,0.19696044921875,0.01565602608025074,False,False,
dataset/I_MEG01_MC_FI_SIM01_302.wav,dataset,wav,90db171400c9e28b05de6e8c0e9f8356,I,isolation,False,8000,1,13315,1.664375,0.343109130859375,0.04540957883000374,False,False,
dataset/I_MEG01_MC_FI_SIM01_303.wav,dataset,wav,1af70110ca60cb2233ba7c4a89a1da6d,I,isolation,False,8000,1,12211,1.526375,0.163482666015625,0.02614859864115715,False,False,
dataset/I_MEG01_MC_FI_SIM01_304.wav,dataset,wav,fa41e7fdf23ae9df733c42bd0a7e3eab,I,isolation,False,8000,1,13123,1.640375,0.11260986328125,0.019490571692585945,False,False,
dataset/I_MEG01_MC_FI_SIM01_305.wav,dataset,wav,9b7f4377ff768b320c1bf0e17b6c8cd8,I,isolation,False,8000,1,14472,1.809,0.145599365234375,0.023362308740615845,False,False,
dataset/I_MEG01_MC_FI_SIM01_306.wav,dataset,wav,700efcf01faade4ea7261831cb5a2ae3,I,isolation,False,8000,1,13799,1.724875,0.36297607421875,0.06529270112514496,False,False,
dataset/I_MIN01_EU_FN_BEN01_101.wav,dataset,wav,ede23a8ebd663f06909fa3a0836480b1,I,isolation,False,8000,1,17796,2.2245,0.21185302734375,0.045055240392684937,False,False,
dataset/I_MIN01_EU_FN_BEN01_102.wav,dataset,wav,cb0ee7251df54d42c8324a580dd6314d,I,isolation,False,8000,1,15215,1.901875,0.1875,0.038901057094335556,False,False,
dataset/I_MIN01_EU_FN_BEN01_103.wav,dataset,wav,178416c738aef19e865c25ca12f6669a,I,isolation,False,8000,1,18825,2.353125,0.248809814453125,0.046174436807632446,False,False,
dataset/I_MIN01_EU_FN_BEN01_104.wav,dataset,wav,71c67e05dc29c7d5a51efaf4c2be1e33,I,isolation,False,8000,1,17559,2.194875,0.20159912109375,0.03224300220608711,False,False,
dataset/I_MIN01_EU_FN_BEN01_105.wav,dataset,wav,dfe7b82070f8c6317a230f139e5bf499,I,isolation,False,8000,1,20779,2.597375,0.22607421875,0.05589018017053604,False,False,
dataset/I_MIN01_EU_FN_BEN01_106.wav,dataset,wav,4e3c3b2306e0c3f5686267151bdb4b31,I,isolation,False,8000,1,17296,2.162,0.18609619140625,0.04680044576525688,False,False,
dataset/I_NIG01_MC_MN_SIM01_201.wav,dataset,wav,34957effa2ada67a6a6effb05b268605,I,isolation,False,8000,1,13034,1.62925,0.0333251953125,0.0038526812568306923,False,False,
dataset/I_NUL01_MC_MI_SIM01_101.wav,dataset,wav,c488ca3d65ae4832a10d6f0a0c82b65d,I,isolation,False,8000,1,15801,1.975125,0.1295166015625,0.02958573028445244,False,False,
dataset/I_NUL01_MC_MI_SIM01_201.wav,dataset,wav,3d6ae58b4b89cbdd49b0cef2ebdc4275,I,isolation,False,8000,1,14932,1.8665,0.35455322265625,0.043151479214429855,False,False,
dataset/I_NUL01_MC_MI_SIM01_202.wav,dataset,wav,2d37778c01e3f7d0015d11550f7d2902,I,isolation,False,8000,1,15517,1.939625,0.24072265625,0.04249654337763786,False,False,
dataset/I_NUL01_MC_MI_SIM01_203.wav,dataset,wav,fad706e3823130cf1384bb927cfaa2ce,I,isolation,False,8000,1,16116,2.0145,0.566131591796875,0.0782221332192421,False,False,
dataset/I_NUL01_MC_MI_SIM01_204.wav,dataset,wav,d10577901a3a23e4ac5214a38fdc1f8b,I,isolation,False,8000,1,16315,2.039375,0.245574951171875,0.036627721041440964,False,False,
dataset/I_NUL01_MC_MI_SIM01_205.wav,dataset,wav,a80966d317eb3bb7616f136c90845e55,I,isolation,False,8000,1,17146,2.14325,0.2034912109375,0.03529273346066475,False,False,
dataset/I_NUL01_MC_MI_SIM01_301.wav,dataset,wav,48d388d7f5616c0c40d7be3cabf2bcc3,I,isolation,False,8000,1,15890,1.98625,0.155303955078125,0.02212875708937645,False,False,
dataset/I_NUL01_MC_MI_SIM01_302.wav,dataset,wav,bf56fddfd38bd193dd3b03cd08555b12,I,isolation,False,8000,1,14579,1.822375,0.214447021484375,0.03027065470814705,False,False,
dataset/I_NUL01_MC_MI_SIM01_303.wav,dataset,wav,567a232b6db27015fbb769c19378767b,I,isolation,False,8000,1,13889,1.736125,0.146209716796875,0.024174580350518227,False,False,
dataset/I_NUL01_MC_MI_SIM01_304.wav,dataset,wav,b3ed096aed6530dd0f71cdbd7dd578ce,I,isolation,False,8000,1,13768,1.721,0.1588134765625,0.02234453707933426,False,False,
dataset/I_REG01_EU_FN_GIO01_201.wav,dataset,wav,0967cbcf69006516f277fa962ad2e319,I,isolation,False,8000,1,14393,1.799125,0.06219482421875,0.006083041895180941,False,False,
dataset/I_SPI01_EU_MN_NAI01_101.wav,dataset,wav,351b9f26c73afb45012e30ba594330ae,I,isolation,False,8000,1,18747,2.343375,0.18682861328125,0.0390934944152832,False,False,
dataset/I_SPI01_EU_MN_NAI01_102.wav,dataset,wav,9374dfac93a65335caf5250153e83a8e,I,isolation,False,8000,1,18045,2.255625,0.17584228515625,0.034170717000961304,False,False,
dataset/I_SPI01_EU_MN_NAI01_103.wav,dataset,wav,90e1d785c7e096875571c642b2e8ed4f,I,isolation,False,8000,1,18639,2.329875,0.166259765625,0.03513985499739647,False,False,
dataset/I_SPI01_EU_MN_NAI01_104.wav,dataset,wav,a2ce4cfe4e29e1027103c6111479b7ab,I,isolation,False,8000,1,16263,2.032875,0.18218994140625,0.04446966573596001,False,False,
dataset/I_SPI01_EU_MN_NAI01_105.wav,dataset,wav,063cfd07cbfeee4813521d47f92e0408,I,isolation,False,8000,1,21555,2.694375,0.159515380859375,0.035581450909376144,False,False,
dataset/I_SPI01_EU_MN_NAI01_201.wav,dataset,wav,dabd1ef1889b6c036c510751cb4e53f2,I,isolation,False,8000,1,16513,2.064125,0.084564208984375,0.010721572674810886,False,False,
dataset/I_SPI01_EU_MN_NAI01_202.wav,dataset,wav,54a99d4ae931da0dbda2c56003a0af26,I,isolation,False,8000,1,17217,2.152125,0.12530517578125,0.019485484808683395,False,False,
dataset/I_SPI01_EU_MN_NAI01_203.wav,dataset,wav,60f16b3765022992917a9a5fc8246b96,I,isolation,False,8000,1,16833,2.104125,0.043792724609375,0.005704736802726984,False,False,
dataset/I_SPI01_EU_MN_NAI01_204.wav,dataset,wav,0d3024456e8192c56bd95341915fc10f,I,isolation,False,8000,1,18625,2.328125,0.12115478515625,0.019038623198866844,False,False,
dataset/I_SPI01_EU_MN_NAI01_205.wav,dataset,wav,db8df716e54713857595eda0de2d7ebb,I,isolation,False,8000,1,19073,2.384125,0.121337890625,0.016557814553380013,False,False,
dataset/I_SPI01_EU_MN_NAI01_301.wav,dataset,wav,50c0ee6d0feb0c363b67354fa6ba1d21,I,isolation,False,8000,1,20325,2.540625,0.168212890625,0.03168879821896553,False,False,
dataset/I_SPI01_EU_MN_NAI01_302.wav,dataset,wav,b26d9ec649d77e9f2de9a99a50cd5b82,I,isolation,False,8000,1,19389,2.423625,0.09844970703125,0.009406954981386662,False,False,
dataset/I_SPI01_EU_MN_NAI01_303.wav,dataset,wav,f50e09c2c4c774c2a77a0d30827c8704,I,isolation,False,8000,1,19857,2.482125,0.1568603515625,0.022476473823189735,False,False,
dataset/I_SPI01_EU_MN_NAI01_304.wav,dataset,wav,71fcb2b465b6e87d66ec3e20ad0bc54d,I,isolation,False,8000,1,21573,2.696625,0.1561279296875,0.028793223202228546,False,False,
dataset/I_SPI01_EU_MN_NAI01_305.wav,dataset,wav,bca5a74a9dd517c10a38634510442d09,I,isolation,False,8000,1,21729,2.716125,0.17767333984375,0.03032417595386505,False,False,
dataset/I_TIG01_EU_FN_GIU01_201.wav,dataset,wav,233f29815b31fae3207a6362ee045792,I,isolation,False,8000,1,10053,1.256625,0.02813720703125,0.0024284571409225464,False,False,
dataset/I_TIG01_EU_FN_GIU01_202.wav,dataset,wav,3d06917e0d758b5a3178e51f7f2e9447,I,isolation,False,8000,1,13995,1.749375,0.02044677734375,0.0034222262911498547,False,False,
dataset/I_TIG01_EU_FN_GIU01_203.wav,dataset,wav,0506374252eadc8a6626ef2958dcba95,I,isolation,False,8000,1,13023,1.627875,0.043060302734375,0.004226392135024071,False,False,
dataset/I_WHO01_MC_FI_SIM01_101.wav,dataset,wav,0ccc6d13cd507681351ef950956cee6e,I,isolation,False,8000,1,17258,2.15725,0.388946533203125,0.0809834748506546,False,False,
dataset/I_WHO01_MC_FI_SIM01_102.wav,dataset,wav,1dc35bdca6da587a5c90a28f27d116a7,I,isolation,False,8000,1,15358,1.91975,0.345794677734375,0.08538980782032013,False,False,
dataset/I_WHO01_MC_FI_SIM01_103.wav,dataset,wav,a79229a29c912a2949be07eb17ae1e61,I,isolation,False,8000,1,14390,1.79875,0.386688232421875,0.10173427313566208,False,False,
dataset/I_WHO01_MC_FI_SIM01_104.wav,dataset,wav,df764b78a0fc646ad33ca68a33b57b48,I,isolation,False,8000,1,14896,1.862,0.581146240234375,0.05637021362781525,False,False,
dataset/I_WHO01_MC_FI_SIM01_105.wav,dataset,wav,18bd12b25453854ac3691905d325667a,I,isolation,False,8000,1,17185,2.148125,0.4571533203125,0.1177266538143158,False,False,
dataset/I_WHO01_MC_FI_SIM01_106.wav,dataset,wav,1d7dcaec14a7e1aab782524c4343caf3,I,isolation,False,8000,1,16633,2.079125,0.2684326171875,0.0733722448348999,False,False,
dataset/I_WHO01_MC_FI_SIM01_107.wav,dataset,wav,de247eeca0463c2ee520c1de8e3fe7cf,I,isolation,False,8000,1,15943,1.992875,0.182464599609375,0.028174446895718575,False,False,
dataset/I_WHO01_MC_FI_SIM01_108.wav,dataset,wav,9ef238d5124ea30617bb13601689531e,I,isolation,False,8000,1,16319,2.039875,0.29437255859375,0.05492492765188217,False,False,
dataset/I_WHO01_MC_FI_SIM01_109.wav,dataset,wav,6b1a0062adbef9cfbfb12f610ed350c9,I,isolation,False,8000,1,15241,1.905125,0.349334716796875,0.048176832497119904,False,False,
dataset/I_WHO01_MC_FI_SIM01_110.wav,dataset,wav,e82450ed8b6922bd29d8361a249c8529,I,isolation,False,8000,1,13475,1.684375,0.42047119140625,0.08087214082479477,False,False,
dataset/I_WHO01_MC_FI_SIM01_111.wav,dataset,wav,795c6d22308871a2d0c4e2d2cec8f5f1,I,isolation,False,8000,1,14706,1.83825,0.313079833984375,0.07041313499212265,False,False,
dataset/I_WHO01_MC_FI_SIM01_112.wav,dataset,wav,52ed040967f531308e5d8debd5a105cf,I,isolation,False,8000,1,14096,1.762,0.4774169921875,0.11558011174201965,False,False,
dataset/I_WHO01_MC_FI_SIM01_113.wav,dataset,wav,d6b96307be746be0ed5052fde62d0448,I,isolation,False,8000,1,15322,1.91525,0.260223388671875,0.04923643916845322,False,False,
dataset/I_WHO01_MC_FI_SIM01_114.wav,dataset,wav,7f9fed135998c8f0c4d8a1ad89d83294,I,isolation,False,8000,1,13006,1.62575,0.370269775390625,0.0555846281349659,False,False,
dataset/I_WHO01_MC_FI_SIM01_115.wav,dataset,wav,6fcfd49a5fe5c1d61b433ea774b653fd,I,isolation,False,8000,1,15101,1.887625,0.453125,0.060580942779779434,False,False,
dataset/I_WHO01_MC_FI_SIM01_116.wav,dataset,wav,2c1dae54b6da9ad0547305f262d776d4,I,isolation,False,8000,1,16982,2.12275,0.23370361328125,0.05472204461693764,False,False,
dataset/I_WHO01_MC_FI_SIM01_201.wav,dataset,wav,e2e78e7088757e63535fb2af6aed2e6a,I,isolation,False,8000,1,16648,2.081,0.339996337890625,0.06338019669055939,False,False,
dataset/I_WHO01_MC_FI_SIM01_301.wav,dataset,wav,489dd5abbcbef4c058034817f90f37c3,I,isolation,False,8000,1,14845,1.855625,0.270904541015625,0.04574484005570412,False,False,
other_vocalizations/B_BAC01_MC_MN_SIM01_201.wav,other_vocalizations,wav,c0668d255c3e7d5d64a34ba4d62c0885,B,brushing,False,8000,1,9261,1.157625,0.278533935546875,0.023050082847476006,False,False,
other_vocalizations/B_BAC01_MC_MN_SIM01_302.wav,other_vocalizations,wav,9ef4b05d159d5df61bdd4982f42c2a12,B,brushing,False,8000,1,9689,1.211125,0.262359619140625,0.015397313982248306,False,False,
other_vocalizations/B_BLE01_EU_FN_DEL01_101.wav,other_vocalizations,wav,3c2f9c4f566ba400c8b61a8e08b11363,B,brushing,False,8000,1,15041,1.880125,0.024078369140625,0.0025295831728726625,False,False,
other_vocalizations/B_BRA01_MC_MN_SIM01_102.wav,other_vocalizations,wav,34fb9d49c09fe9db286a402ba2a5d0a3,B,brushing,False,8000,1,11976,1.497,0.209503173828125,0.01749259978532791,False,False,
other_vocalizations/B_BRA01_MC_MN_SIM01_103.wav,other_vocalizations,wav,07d77f26bc4bf7df912da26db0ed695b,B,brushing,False,8000,1,9836,1.2295,0.261962890625,0.012458526529371738,False,False,
other_vocalizations/B_DAK01_MC_FN_SIM01_101.wav,other_vocalizations,wav,587fd36eae3cf88dcc585087eb77d84a,B,brushing,False,8000,1,11273,1.409125,0.12237548828125,0.009331298060715199,False,False,
other_vocalizations/B_DAK01_MC_FN_SIM01_103.wav,other_vocalizations,wav,5e68578950df92811068dc526fbf60ba,B,brushing,False,8000,1,10236,1.2795,0.4254150390625,0.03627679869532585,False,False,
other_vocalizations/B_NUL01_MC_MI_SIM01_101.wav,other_vocalizations,wav,2b621478c2cf32fda8f32d0a81e54bce,B,brushing,False,8000,1,9525,1.190625,0.1558837890625,0.01014186255633831,False,False,
other_vocalizations/B_REG01_EU_FN_GIO01_202.wav,other_vocalizations,wav,8f9a1fed57bb23e008321230e9ca6ac9,B,brushing,False,8000,1,15169,1.896125,0.140716552734375,0.012104145251214504,False,False,
other_vocalizations/B_WHO01_MC_FI_SIM01_303.wav,other_vocalizations,wav,83a8c3645a4779ec8aec80de48594650,B,brushing,False,8000,1,9309,1.163625,0.1842041015625,0.017092712223529816,False,False,
other_vocalizations/F_IND01_EU_FN_ELI01_303.wav,other_vocalizations,wav,71627af1615702312020361d641754f8,F,food,False,8000,1,15921,1.990125,0.0164794921875,0.0014722602209076285,False,False,
other_vocalizations/F_WHO01_MC_FI_SIM01_305.wav,other_vocalizations,wav,dbdbcdc9a50c4a7b5845a20f78851ebf,F,food,False,8000,1,11871,1.483875,0.201171875,0.020029136911034584,False,False,
other_vocalizations/I_CLE01_EU_FN_FER01_108.wav,other_vocalizations,wav,f5c2574452128c71175cd5261c427003,I,isolation,False,8000,1,16101,2.012625,0.1861572265625,0.013169177807867527,False,False,
sequences/B_CAN01_EU_FN_GIA01_1SEQ1.wav,sequences,wav,ef146c20b5c83144c88478e04aef61f2,B,brushing,True,8000,1,72712,9.089,0.1265869140625,0.015529381111264229,False,False,
sequences/B_CAN01_EU_FN_GIA01_2SEQ1.wav,sequences,wav,6a6333bf1701a085633f5dd5d0050f82,B,brushing,True,8000,1,46452,5.8065,0.132354736328125,0.01862768456339836,False,False,
sequences/B_CAN01_EU_FN_GIA01_2SEQ2.wav,sequences,wav,0458baee703be9e341a588402acad469,B,brushing,True,8000,1,44100,5.5125,0.10809326171875,0.01400203537195921,False,False,
sequences/B_CAN01_EU_FN_GIA01_3SEQ1.wav,sequences,wav,b87acbbac7e7c3dc376b0c144f2ffa41,B,brushing,True,8000,1,54096,6.762,0.03546142578125,0.005240009166300297,False,False,
sequences/B_MIN01_EU_FN_BEN01_1SEQ1.wav,sequences,wav,1dd3996617f48f403d0feb77b28b72a7,B,brushing,True,8000,1,115730,14.46625,0.206512451171875,0.03142913430929184,False,False,
sequences/B_WHO01_MC_FI_SIM01_1SEQ1.wav,sequences,wav,8af1c847ee1e9ee32932e7a0b649d4bf,B,brushing,True,8000,1,30692,3.8365,0.433807373046875,0.09673362970352173,False,False,
sequences/F_BRI01_MC_FI_SIM01_1SEQ1.wav,sequences,wav,d0ee90ec5c73f8aefc497beb83098754,F,food,True,8000,1,114938,14.36725,0.160736083984375,0.012372037395834923,False,False,
sequences/F_IND01_EU_FN_ELI01_1SEQ1.wav,sequences,wav,261673f9ae836eb705dee046676ffce5,F,food,True,8000,1,61246,7.65575,0.113525390625,0.00880318135023117,False,False,
sequences/F_SPI01_EU_MN_NAI01_1SEQ1.wav,sequences,wav,5ebbd7aa2571b26312a515b70a0c46be,F,food,True,8000,1,98397,12.299625,0.09625244140625,0.010283143259584904,False,False,
sequences/F_WHO01_MC_FI_SIM01_1SEQ1.wav,sequences,wav,cd355e643c5581d3ffd7ffd04ab0538a,F,food,True,8000,1,36247,4.530875,0.415252685546875,0.07764510065317154,False,False,
sequences/I_ANI01_MC_FN_SIM01_1SEQ1.wav,sequences,wav,d22a2f2627cfe5fdc7fafcf830f6f7e3,I,isolation,True,8000,1,175090,21.88625,0.498199462890625,0.04793620854616165,False,False,
sequences/I_BLE01_EU_FN_DEL01_1SEQ1.wav,sequences,wav,78b0fbe264b78620ecb354aeb204ead1,I,isolation,True,8000,1,121143,15.142875,0.1588134765625,0.014898612163960934,False,False,
sequences/I_BLE01_EU_FN_DEL01_2SEQ1.wav,sequences,wav,638f7232993da6c7d445545f1fb86299,I,isolation,True,8000,1,239904,29.988,0.215484619140625,0.025606323033571243,False,False,
sequences/I_BLE01_EU_FN_DEL01_2SEQ2.wav,sequences,wav,4b90f9aaabd417817edf94a80df1bdfa,I,isolation,True,8000,1,64092,8.0115,0.131591796875,0.015137203969061375,False,False,
sequences/I_BLE01_EU_FN_DEL01_3SEQ1.wav,sequences,wav,7c99c49b1ae7841bb000a667702e3447,I,isolation,True,8000,1,62328,7.791,0.196075439453125,0.025534817948937416,False,False,
sequences/I_BLE01_EU_FN_DEL01_3SEQ2.wav,sequences,wav,e2ba7ea4642b21c601e99d1d7559910e,I,isolation,True,8000,1,134064,16.758,0.2071533203125,0.023247962817549706,False,False,
sequences/I_BLE01_EU_FN_DEL01_4SEQ1.wav,sequences,wav,e65b5fa1c917d3af45cfc4e395c2a8ba,I,isolation,True,8000,1,68208,8.526,0.1505126953125,0.016251778230071068,False,False,
sequences/I_CAN01_EU_FN_GIA01_1SEQ1.wav,sequences,wav,90648a516451c92e4b803ebab9405be7,I,isolation,True,8000,1,59196,7.3995,0.142578125,0.01437341421842575,False,False,
sequences/I_CAN01_EU_FN_GIA01_2SEQ1.wav,sequences,wav,1b6746519bb27adff45549ec80157b18,I,isolation,True,8000,1,141708,17.7135,0.18768310546875,0.021837053820490837,False,False,
sequences/I_CAN01_EU_FN_GIA01_3SEQ1.wav,sequences,wav,649bb1f907391315647aee677d5f8320,I,isolation,True,8000,1,85260,10.6575,0.09271240234375,0.009991890750825405,False,False,
sequences/I_CLE01_EU_FN_FER01_1SEQ1.wav,sequences,wav,80e0277d0fd8065661840fb10ac1fd2a,I,isolation,True,8000,1,232260,29.0325,0.23419189453125,0.019145742058753967,False,False,
sequences/I_CLE01_EU_FN_FER01_1SEQ2.wav,sequences,wav,46d8e70d64ebc952248c1024d3bd27a7,I,isolation,True,8000,1,111720,13.965,0.26397705078125,0.03746149688959122,False,False,
sequences/I_DAK01_MC_FN_SIM01_1SEQ1.wav,sequences,wav,b64c671de0c2dd85a3707e9f2d578d21,I,isolation,True,8000,1,59181,7.397625,0.3653564453125,0.05015990510582924,False,False,
sequences/I_DAK01_MC_FN_SIM01_1SEQ2.wav,sequences,wav,b330362eb65e349d99234adfb0986079,I,isolation,True,8000,1,125632,15.704,0.47772216796875,0.046647198498249054,False,False,
sequences/I_DAK01_MC_FN_SIM01_3SEQ1.wav,sequences,wav,74178429abee3f5e459420428dc9b62d,I,isolation,True,8000,1,234852,29.3565,0.592041015625,0.11549603193998337,False,False,
sequences/I_MEG01_MC_FI_SIM01_1SEQ1.wav,sequences,wav,a280adcec2a4a5c310d9499e00fdf0d5,I,isolation,True,8000,1,32946,4.11825,0.510101318359375,0.0637369379401207,False,False,
sequences/I_NUL01_MC_MI_SIM01_2SEQ1.wav,sequences,wav,87f7a549b416cd4e21199be399a8bb82,I,isolation,True,8000,1,78509,9.813625,0.566131591796875,0.05017903447151184,False,False,
sequences/I_SPI01_EU_MN_NAI01_1SEQ1.wav,sequences,wav,48d0437d22ff018f4b6ac915776bff19,I,isolation,True,8000,1,120160,15.02,0.18682861328125,0.02460521273314953,False,False,
sequences/I_SPI01_EU_MN_NAI01_2SEQ1.wav,sequences,wav,e428643407c4b1044f096d2c60ae6d8d,I,isolation,True,8000,1,141890,17.73625,0.12530517578125,0.010533465072512627,False,False,
sequences/I_WHO01_MC_FI_SIM01_1SEQ1.wav,sequences,wav,133eec2d75f8b49e1b5d4737ef847623,I,isolation,True,8000,1,100767,12.595875,0.47735595703125,0.06470568478107452,False,False,
