path,label,split,folder,extension,md5,sample_rate,channels,n_frames,duration_s,max_amplitude,rms,is_silent,is_corrupted,error
cat_test\cat_36.wav,cat,test,cat_test,wav,2a2ed85fef4090db243912bb289bb597,16000,1,80000,5.0,0.8045552968978882,0.08828049153089523,False,False,
cat_test\cat_37.wav,cat,test,cat_test,wav,44183dffbff8b5b1f7b66d687cb53a8d,16000,1,80000,5.0,1.019352912902832,0.07554053515195847,False,False,
cat_test\cat_38.wav,cat,test,cat_test,wav,ef0b78cdc86960757a9ebdccae65a2bd,16000,1,80000,5.0,0.4316464364528656,0.06637610495090485,False,False,
cat_test\cat_39.wav,cat,test,cat_test,wav,f4ef9016a301a0042fc10e798d6e89e1,16000,1,80541,5.0338125,0.6864643096923828,0.04640023782849312,False,False,
cat_test\cat_40.wav,cat,test,cat_test,wav,9ea3fa6f8bf87a4d8a4af05a759f832e,16000,1,80000,5.0,0.6756112575531006,0.049783118069171906,False,False,
cat_test\cat_41.wav,cat,test,cat_test,wav,b8e289ce78761c63571f682f167a75a0,16000,1,80000,5.0,1.0730669498443604,0.18446968495845795,False,False,
cat_test\cat_42.wav,cat,test,cat_test,wav,c581dba1dd437e8fb62659d7f6388371,16000,1,80000,5.0,1.1779143810272217,0.23459820449352264,False,False,
cat_test\cat_43.wav,cat,test,cat_test,wav,55edd0dd1e9251c3743e920400e5b483,16000,1,80000,5.0,0.2907988131046295,0.0576501339673996,False,False,
cat_test\cat_44.wav,cat,test,cat_test,wav,dccaa4f666b9963f7975f1dc078a85ea,16000,1,80000,5.0,0.275940865278244,0.035411231219768524,False,False,
cat_test\cat_45.wav,cat,test,cat_test,wav,9967cb4ebcdad190adf84769b8c2ab02,16000,1,80000,5.0,0.29546886682510376,0.034143801778554916,False,False,
cat_test\cat_46.wav,cat,test,cat_test,wav,19b713bf95f5e906b79df9b3cacb5231,16000,1,80000,5.0,0.34105736017227173,0.05179117992520332,False,False,
cat_test\cat_47.wav,cat,test,cat_test,wav,781eb8ba7e96f4dd85c6cc9cec23816b,16000,1,80000,5.0,0.31002283096313477,0.03240908682346344,False,False,
cat_test\cat_48.wav,cat,test,cat_test,wav,532b93c3a6c71d6bff0f4d6522f13692,16000,1,287334,17.958375,0.5596200227737427,0.019270561635494232,False,False,
cat_test\cat_49.wav,cat,test,cat_test,wav,906412334634286d0bbc6583fb190721,16000,1,80000,5.0,0.3546891510486603,0.022168274968862534,False,False,
cat_train\cat_0.wav,cat,train,cat_train,wav,a5f52b1581e1d2f7489148212c1a8e98,16000,1,80000,5.0,0.08688874542713165,0.008324668742716312,False,False,
cat_train\cat_1.wav,cat,train,cat_train,wav,dbd31e7f975dfc3c239d2194af7be047,16000,1,80000,5.0,0.5934228301048279,0.0856907069683075,False,False,
cat_train\cat_10.wav,cat,train,cat_train,wav,08a89e8e1bc6ec6b5124976ea5af76e0,16000,1,28654,1.790875,0.5395869612693787,0.08445790410041809,False,False,
cat_train\cat_11.wav,cat,train,cat_train,wav,a7cd0d5335c1fb660c77a7f89b7cc0cc,16000,1,80000,5.0,1.0372122526168823,0.09938429296016693,False,False,
cat_train\cat_12.wav,cat,train,cat_train,wav,2a8e6c8677dd494e42792b3a05189ad6,16000,1,80000,5.0,0.09004274755716324,0.008500580675899982,False,False,
cat_train\cat_13.wav,cat,train,cat_train,wav,90db67156eacd34acd61bce6d7d79e32,16000,1,80000,5.0,0.8632735013961792,0.15058155357837677,False,False,
cat_train\cat_14.wav,cat,train,cat_train,wav,b55885d397829ab7012a98863ff6373a,16000,1,80000,5.0,0.527022123336792,0.08312959969043732,False,False,
cat_train\cat_15.wav,cat,train,cat_train,wav,dd520393c60566da913977e2d9f11e03,16000,1,80000,5.0,1.0631382465362549,0.13636115193367004,False,False,
cat_train\cat_16.wav,cat,train,cat_train,wav,bdc7effe36e836c329168ed3f668f3de,16000,1,254924,15.93275,0.06092875078320503,0.00871159415692091,False,False,
cat_train\cat_17.wav,cat,train,cat_train,wav,31cd7fce2fbb73738ce787ff9730579e,16000,1,80000,5.0,0.503736138343811,0.09118880331516266,False,False,
cat_train\cat_18.wav,cat,train,cat_train,wav,e86f5109b0aac29800f90e324d407b84,16000,1,166863,10.4289375,0.03891436755657196,0.0027446183376014233,False,False,
cat_train\cat_19.wav,cat,train,cat_train,wav,fe500b91289b5eae32fc287e784d6ebd,16000,1,80000,5.0,0.1344112753868103,0.015900563448667526,False,False,
cat_train\cat_2.wav,cat,train,cat_train,wav,f35773376d804c15cdf63e74b08d4fcf,16000,1,80000,5.0,0.8593804836273193,0.10702171176671982,False,False,
cat_train\cat_20.wav,cat,train,cat_train,wav,21699fdf8370273273d4c1b550a78be0,16000,1,258545,16.1590625,0.42478257417678833,0.0291511919349432,False,False,
cat_train\cat_21.wav,cat,train,cat_train,wav,b5701609641e3eff14f861cc12864f7a,16000,1,80000,5.0,1.1038262844085693,0.15466026961803436,False,False,
cat_train\cat_22.wav,cat,train,cat_train,wav,7956d040c6c2372ec52ff2813b1db073,16000,1,80000,5.0,0.10306855291128159,0.015119208954274654,False,False,
cat_train\cat_23.wav,cat,train,cat_train,wav,a0c8c864e25ab459e02d3dc3960a4f49,16000,1,80000,5.0,1.1382482051849365,0.08257115632295609,False,False,
cat_train\cat_24.wav,cat,train,cat_train,wav,02f8781f2407330d33540ff4be2fb155,16000,1,80000,5.0,0.10787907242774963,0.013932548463344574,False,False,
cat_train\cat_25.wav,cat,train,cat_train,wav,c5e7b0e353af607cf5baaf958be187dc,16000,1,22152,1.3845,0.20182757079601288,0.04449792206287384,False,False,
cat_train\cat_26.wav,cat,train,cat_train,wav,5df6e1af11b71f3b5c74b8835a1dd5b8,16000,1,80000,5.0,1.0968135595321655,0.2879558503627777,False,False,
cat_train\cat_27.wav,cat,train,cat_train,wav,d35a564784811641e688a6b592b9b1cf,16000,1,80000,5.0,0.21629184484481812,0.04189746454358101,False,False,
cat_train\cat_28.wav,cat,train,cat_train,wav,ebd6a608a29d06be1e97ca98ea022432,16000,1,80000,5.0,0.6604011654853821,0.09815837442874908,False,False,
cat_train\cat_29.wav,cat,train,cat_train,wav,940f66898eab803c71fbd6da50a85eaf,16000,1,80000,5.0,0.47056975960731506,0.07095407694578171,False,False,
cat_train\cat_3.wav,cat,train,cat_train,wav,98f26e2c2250c59b12bd69e75c9a972c,16000,1,80000,5.0,0.3994651436805725,0.06513583660125732,False,False,
cat_train\cat_30.wav,cat,train,cat_train,wav,13d91ed45146f8ce8217cb610ab0264c,16000,1,370561,23.1600625,0.03035661019384861,0.002862536581233144,False,False,
cat_train\cat_31.wav,cat,train,cat_train,wav,fcace8b48d383bcf4afe2e70cc9d10b1,16000,1,80000,5.0,1.147793173789978,0.19614508748054504,False,False,
cat_train\cat_32.wav,cat,train,cat_train,wav,5ed872370764f3aa4e0b9672030cd93f,16000,1,80000,5.0,0.7349813580513,0.0716780424118042,False,False,
cat_train\cat_33.wav,cat,train,cat_train,wav,cdc8a7aed0fafee0b5651013d41f4871,16000,1,238924,14.93275,0.06092960014939308,0.009295031428337097,False,False,
cat_train\cat_34.wav,cat,train,cat_train,wav,3067a43ff9dd575a0ce3b126df8085bb,16000,1,80000,5.0,0.29922768473625183,0.03437269851565361,False,False,
cat_train\cat_35.wav,cat,train,cat_train,wav,d82dbc083fcc86ed49bfd4e0003d248d,16000,1,80000,5.0,0.4963315427303314,0.04594016075134277,False,False,
cat_train\cat_4.wav,cat,train,cat_train,wav,b943b2e6e7b58b6fa332e02210d07b77,16000,1,80000,5.0,0.15118327736854553,0.028661426156759262,False,False,
cat_train\cat_5.wav,cat,train,cat_train,wav,b87c81602739c5764924da2d1bbae231,16000,1,34180,2.13625,0.015305190347135067,0.0021998132579028606,False,False,
cat_train\cat_6.wav,cat,train,cat_train,wav,c4af14479a7c3cd445202a2d1218aac1,16000,1,80000,5.0,0.031486257910728455,0.003555424977093935,False,False,
cat_train\cat_7.wav,cat,train,cat_train,wav,1e385486dd8e667993aef9f771785453,16000,1,80000,5.0,1.0348373651504517,0.10848285257816315,False,False,
cat_train\cat_8.wav,cat,train,cat_train,wav,fd8711f9da30cf70b67c4e0045555de5,16000,1,80000,5.0,0.7916961908340454,0.11063641309738159,False,False,
cat_train\cat_9.wav,cat,train,cat_train,wav,fbdc3ade1865cc932d51cdaf7138b83a,16000,1,80000,5.0,0.9537782669067383,0.11912281066179276,False,False,
dog_bark_test\dog_33.wav,dog_bark,test,dog_bark_test,wav,ee3be4a6628663ca926f569847a0ddb0,16000,1,80000,5.0,0.9885982275009155,0.041598349809646606,False,False,
dog_bark_test\dog_34.wav,dog_bark,test,dog_bark_test,wav,a60f893c8789a9da7ad398f183fcd68b,16000,1,80000,5.0,0.9482415914535522,0.08036066591739655,False,False,
dog_bark_test\dog_35.wav,dog_bark,test,dog_bark_test,wav,ed7bb6bdf9941278a12f3fd9b417c88b,16000,1,80000,5.0,0.9037959575653076,0.13402503728866577,False,False,
dog_bark_test\dog_36.wav,dog_bark,test,dog_bark_test,wav,364c6d09a2fe745576402cbe5fd5410f,16000,1,80000,5.0,0.8410499095916748,0.08421079069375992,False,False,
dog_bark_test\dog_37.wav,dog_bark,test,dog_bark_test,wav,42fcb2f40311b490eca7cc32537792f4,16000,1,80000,5.0,0.44225454330444336,0.03665252774953842,False,False,
dog_bark_test\dog_38.wav,dog_bark,test,dog_bark_test,wav,e384084acfb60a2f4807a42174fd3519,16000,1,1076371,67.2731875,0.7889719605445862,0.03906293585896492,False,False,
dog_bark_test\dog_39.wav,dog_bark,test,dog_bark_test,wav,375115d2c8ecf401680afb50d8ee1414,16000,1,65865,4.1165625,0.6604518294334412,0.13190695643424988,False,False,
dog_bark_test\dog_40.wav,dog_bark,test,dog_bark_test,wav,bdca966e4c4d7568e73e193558844350,16000,1,97874,6.117125,0.8092381358146667,0.061877720057964325,False,False,
dog_bark_test\dog_41.wav,dog_bark,test,dog_bark_test,wav,b445fe66eb7fa12bf4e7e797b4825c00,16000,1,80000,5.0,0.8791244626045227,0.11256810277700424,False,False,
dog_bark_test\dog_42.wav,dog_bark,test,dog_bark_test,wav,d7d9579cbd59cc3335588a95a8290684,16000,1,80000,5.0,0.7424580454826355,0.046574924141168594,False,False,
dog_bark_test\dog_43.wav,dog_bark,test,dog_bark_test,wav,f00f8e8268df7a1a7c322b95e820cc8d,16000,1,80000,5.0,0.8769636154174805,0.08573538064956665,False,False,
dog_bark_test\dog_44.wav,dog_bark,test,dog_bark_test,wav,c0ae32f59bbb957ecb8b0c3dd802a999,16000,1,80000,5.0,0.8336296677589417,0.06583376228809357,False,False,
dog_bark_test\dog_45.wav,dog_bark,test,dog_bark_test,wav,b8c1d862a95b025fbb9ef8c363efd48d,16000,1,80000,5.0,0.9803127646446228,0.13282045722007751,False,False,
dog_bark_train\dog_0.wav,dog_bark,train,dog_bark_train,wav,8242e9773302ceecfd7f1b3baa494e5d,16000,1,55627,3.4766875,0.2586682438850403,0.037549085915088654,False,False,
dog_bark_train\dog_1.wav,dog_bark,train,dog_bark_train,wav,cb9916f600155e8adfb3f88aa8466e6b,16000,1,80000,5.0,0.47293251752853394,0.020528024062514305,False,False,
dog_bark_train\dog_10.wav,dog_bark,train,dog_bark_train,wav,2076259bc618f9e36af887ee6241a418,16000,1,141312,8.832,0.45319801568984985,0.042334940284490585,False,False,
dog_bark_train\dog_11.wav,dog_bark,train,dog_bark_train,wav,853962d17e0ae219987e68dfedc3f0c0,16000,1,80000,5.0,0.9085136651992798,0.11098472774028778,False,False,
dog_bark_train\dog_12.wav,dog_bark,train,dog_bark_train,wav,6bcb3bdb2b9522495603c9855e126241,16000,1,80000,5.0,0.895689845085144,0.07419542223215103,False,False,
dog_bark_train\dog_13.wav,dog_bark,train,dog_bark_train,wav,3eefc588cbba0458a1def37975940d53,16000,1,80000,5.0,0.9270954728126526,0.09730982035398483,False,False,
dog_bark_train\dog_14.wav,dog_bark,train,dog_bark_train,wav,569a2fc5b4efdafa844fc6fb5fc7a5ce,16000,1,80000,5.0,1.0224061012268066,0.2720596194267273,False,False,
dog_bark_train\dog_15.wav,dog_bark,train,dog_bark_train,wav,4c09e37fd5cb3cce87fc7bfe6224fe9c,16000,1,80000,5.0,0.9150894284248352,0.09094181656837463,False,False,
dog_bark_train\dog_16.wav,dog_bark,train,dog_bark_train,wav,0dd0129a9a07308d2d64cb60faa615e0,16000,1,80000,5.0,1.0499229431152344,0.3030734360218048,False,False,
dog_bark_train\dog_17.wav,dog_bark,train,dog_bark_train,wav,04c7786eec39b11a5e2f7cd581c67e90,16000,1,80000,5.0,0.9492447376251221,0.0653383657336235,False,False,
dog_bark_train\dog_18.wav,dog_bark,train,dog_bark_train,wav,51712294b5968977f697a732874b3c18,16000,1,80000,5.0,0.870648205280304,0.1086268275976181,False,False,
dog_bark_train\dog_19.wav,dog_bark,train,dog_bark_train,wav,d0056967460648974595ded0a0ad5138,16000,1,80000,5.0,0.6843281388282776,0.07671161741018295,False,False,
dog_bark_train\dog_2.wav,dog_bark,train,dog_bark_train,wav,2566ee708099426e851920a8a0ab4439,16000,1,80000,5.0,0.804566502571106,0.12283021211624146,False,False,
dog_bark_train\dog_20.wav,dog_bark,train,dog_bark_train,wav,150b1ceb89c59b764e123559f75ce0e6,16000,1,80000,5.0,0.7834933400154114,0.03669021651148796,False,False,
dog_bark_train\dog_21.wav,dog_bark,train,dog_bark_train,wav,da3f474a1118aab2a8a21d64010583f5,16000,1,47927,2.9954375,0.9748961925506592,0.10044828057289124,False,False,
dog_bark_train\dog_22.wav,dog_bark,train,dog_bark_train,wav,9acbe2f0b9bdf22fa3c777001259af51,16000,1,80000,5.0,0.8102944493293762,0.09336941689252853,False,False,
dog_bark_train\dog_23.wav,dog_bark,train,dog_bark_train,wav,3aa9ae904be3eeda41d88e99dc416f3f,16000,1,80000,5.0,0.9129777550697327,0.08898251503705978,False,False,
dog_bark_train\dog_24.wav,dog_bark,train,dog_bark_train,wav,b1bcd2002912ec4d25da0a912dea51ff,16000,1,80000,5.0,0.7580015659332275,0.08067338168621063,False,False,
dog_bark_train\dog_25.wav,dog_bark,train,dog_bark_train,wav,27dfc5ed00849ccd36a0138fc86f4960,16000,1,80000,5.0,0.8840970993041992,0.1189892366528511,False,False,
dog_bark_train\dog_26.wav,dog_bark,train,dog_bark_train,wav,5f2921b689f1e9ea6468f85b0f666f98,16000,1,80000,5.0,1.080765962600708,0.3393099308013916,False,False,
dog_bark_train\dog_27.wav,dog_bark,train,dog_bark_train,wav,baf39d370652bf5518297ce1dbeef884,16000,1,80000,5.0,0.9954540133476257,0.20055419206619263,False,False,
dog_bark_train\dog_28.wav,dog_bark,train,dog_bark_train,wav,6da692e6da197a09b4780e75e7195096,16000,1,80000,5.0,0.683385968208313,0.03470795601606369,False,False,
dog_bark_train\dog_29.wav,dog_bark,train,dog_bark_train,wav,74022151c95d0ed353cbcbd6090b56df,16000,1,80000,5.0,0.9752480387687683,0.12876562774181366,False,False,
dog_bark_train\dog_3.wav,dog_bark,train,dog_bark_train,wav,e49bf17eb140078279db2ea6f55b7f26,16000,1,80000,5.0,0.5724287033081055,0.07334800064563751,False,False,
dog_bark_train\dog_30.wav,dog_bark,train,dog_bark_train,wav,881481c77eac746fd9e74a74aeb2aca9,16000,1,80000,5.0,0.955155074596405,0.173516184091568,False,False,
dog_bark_train\dog_31.wav,dog_bark,train,dog_bark_train,wav,fe34887cf156673fa56831e0b1f72b88,16000,1,80000,5.0,0.34422239661216736,0.05397548899054527,False,False,
dog_bark_train\dog_32.wav,dog_bark,train,dog_bark_train,wav,aaa31f8a1d7bdf7b80e52a700c9aec61,16000,1,80000,5.0,0.9343425631523132,0.11347249150276184,False,False,
dog_bark_train\dog_4.wav,dog_bark,train,dog_bark_train,wav,3f0b456ed48c589b6d7d1e5128debe7f,16000,1,80000,5.0,0.9299702048301697,0.10005045682191849,False,False,
dog_bark_train\dog_5.wav,dog_bark,train,dog_bark_train,wav,d5fd33a4552b3879c4cc749fd53043f0,16000,1,80000,5.0,0.9659999012947083,0.13995762169361115,False,False,
dog_bark_train\dog_6.wav,dog_bark,train,dog_bark_train,wav,7b114c1e3ba9e9bdb0111b0c46c1f474,16000,1,80000,5.0,0.7132468819618225,0.05981476604938507,False,False,
dog_bark_train\dog_7.wav,dog_bark,train,dog_bark_train,wav,fae93ec0dad9ae49bef01244e4f68c38,16000,1,80000,5.0,0.9881766438484192,0.219116672873497,False,False,
dog_bark_train\dog_8.wav,dog_bark,train,dog_bark_train,wav,44c4f40cc9f844a74e2c01bd081637b7,16000,1,80000,5.0,0.9588459730148315,0.08062081784009933,False,False,
dog_bark_train\dog_9.wav,dog_bark,train,dog_bark_train,wav,e7645c1c62efd1b35508f618eda0e334,16000,1,80000,5.0,0.9009800553321838,0.10275941342115402,False,False,
dog_growl_test\dog25.wav,dog_growl,test,dog_growl_test,wav,9aea9241b03b2c34320cfa0b7c46debe,22050,1,88200,4.0,0.986907958984375,0.12072784453630447,False,False,
dog_growl_test\dog26.wav,dog_growl,test,dog_growl_test,wav,8a73ef524d058decc5c651e6f82c8f17,22050,1,88200,4.0,0.908477783203125,0.1339174062013626,False,False,
dog_growl_test\Growl.wav,dog_growl,test,dog_growl_test,wav,6f7c15fa9b31dde700cd8511f54d20c6,44100,1,204800,4.6439909297052155,0.981475830078125,0.07927410304546356,False,False,
dog_growl_test\Growl1.wav,dog_growl,test,dog_growl_test,wav,d07bec38548006ea513f59b2961a86bc,44100,1,181248,4.1099319727891155,0.997894287109375,0.10382901132106781,False,False,
dog_growl_test\Growl10.wav,dog_growl,test,dog_growl_test,wav,1a4f3864d8f3a1a8d72833167117b838,44100,1,147456,3.3436734693877552,0.999969482421875,0.1968589723110199,False,False,
dog_growl_test\Growl2.wav,dog_growl,test,dog_growl_test,wav,f8c59f11004931e406cd3a9cbf52c929,44100,1,143360,3.250793650793651,0.55108642578125,0.05056017264723778,False,False,
dog_growl_test\Growl23.wav,dog_growl,test,dog_growl_test,wav,2b62409a6ffc56144727a7330c8fd759,44100,1,142336,3.2275736961451247,1.0,0.20624488592147827,False,False,
dog_growl_test\Growl5.wav,dog_growl,test,dog_growl_test,wav,cdbda1216e1aebe14a728dcbf2edd820,44100,1,182272,4.133151927437642,1.0,0.12026116997003555,False,False,
dog_growl_test\Growl6.wav,dog_growl,test,dog_growl_test,wav,d30bfa2beb82d01d42e722361bff1939,44100,1,167936,3.8080725623582765,1.0,0.1687188297510147,False,False,
dog_growl_test\Growl7.wav,dog_growl,test,dog_growl_test,wav,56168aec7c0ee32ff20f87b9c19effa9,44100,1,163840,3.7151927437641725,0.999969482421875,0.1371431201696396,False,False,
dog_growl_train\dog1.wav,dog_growl,train,dog_growl_train,wav,2f0cb610a09de636ecd54a532cf747c4,48000,1,192000,4.0,0.999969482421875,0.08834997564554214,False,False,
dog_growl_train\dog10.wav,dog_growl,train,dog_growl_train,wav,669cf1a1ddfdbd1b8e46b663ac461d32,48000,1,107944,2.2488333333333332,1.0,0.1329444944858551,False,False,
dog_growl_train\dog11.wav,dog_growl,train,dog_growl_train,wav,744cd01f044ddb821a2d45331bee97c9,48000,1,134640,2.805,1.0,0.12017587572336197,False,False,
dog_growl_train\dog12.wav,dog_growl,train,dog_growl_train,wav,57aeb2bed5ce586d3636b792fb6b634c,48000,1,192000,4.0,0.999969482421875,0.3335261940956116,False,False,
dog_growl_train\dog13.wav,dog_growl,train,dog_growl_train,wav,a1e80745d53a44f318cb64aa2236e89d,48000,1,192000,4.0,0.999969482421875,0.24519458413124084,False,False,
dog_growl_train\dog14.wav,dog_growl,train,dog_growl_train,wav,86ccabeb35777f3f38d288b2266b812d,48000,1,192000,4.0,0.999969482421875,0.20947802066802979,False,False,
dog_growl_train\dog16.wav,dog_growl,train,dog_growl_train,wav,ba628066efa6e4555ab57ae594e9fc3c,44100,1,118950,2.697278911564626,0.91253662109375,0.16965359449386597,False,False,
dog_growl_train\dog17.wav,dog_growl,train,dog_growl_train,wav,f54187d861001adaa36a2714635f1a37,44100,1,176400,4.0,0.9090576171875,0.16186180710792542,False,False,
dog_growl_train\dog18.wav,dog_growl,train,dog_growl_train,wav,2ba8b28542a7a16cc9be1410b2ea2f07,11025,1,44100,4.0,1.0,0.3614567518234253,False,False,
dog_growl_train\dog19.wav,dog_growl,train,dog_growl_train,wav,7ae543f46032facae03870a548a03fa2,11025,1,44100,4.0,0.999969482421875,0.0859522596001625,False,False,
dog_growl_train\dog2.wav,dog_growl,train,dog_growl_train,wav,b124822a2c009c0f6823aede55a4969b,48000,1,192000,4.0,0.898895263671875,0.11820916086435318,False,False,
dog_growl_train\dog20.wav,dog_growl,train,dog_growl_train,wav,7bd38cbe4e44553571e208b51fd743c9,11025,1,44100,4.0,0.694122314453125,0.076886847615242,False,False,
dog_growl_train\dog21.wav,dog_growl,train,dog_growl_train,wav,4dad629a7ac4da2abbcd4cdd2e9b902d,11025,1,44100,4.0,0.6578369140625,0.04211802780628204,False,False,
dog_growl_train\dog22.wav,dog_growl,train,dog_growl_train,wav,45d1ce5882fd1cd46b0e667342e6af69,44100,1,129081,2.9270068027210883,0.6180419921875,0.07531806826591492,False,False,
dog_growl_train\dog23.wav,dog_growl,train,dog_growl_train,wav,273b698c2c10057384177f018e00f9bb,44100,1,176400,4.0,0.958984375,0.18437279760837555,False,False,
dog_growl_train\dog24.wav,dog_growl,train,dog_growl_train,wav,49206ca6bfde13a7faa4d5d2a6f487c2,44100,1,176400,4.0,0.9769287109375,0.17555657029151917,False,False,
dog_growl_train\dog3.wav,dog_growl,train,dog_growl_train,wav,ecc012ebd48088c82087b76178855d99,48000,1,192000,4.0,0.785797119140625,0.0784042701125145,False,False,
dog_growl_train\dog4.wav,dog_growl,train,dog_growl_train,wav,285e7133eb69216af0a0286f6e370d76,48000,1,192000,4.0,0.89678955078125,0.08573691546916962,False,False,
dog_growl_train\dog5.wav,dog_growl,train,dog_growl_train,wav,2ec742a17de30ab64a02d066a003e99f,44100,1,176400,4.0,1.0,0.2150518149137497,False,False,
dog_growl_train\dog6.wav,dog_growl,train,dog_growl_train,wav,9d3b1449ae3d0561b202e1f3cdb59877,44100,1,176400,4.0,1.0,0.2522909641265869,False,False,
dog_growl_train\dog7.wav,dog_growl,train,dog_growl_train,wav,855b316fe10392f52da1cb6014f433c5,44100,1,176400,4.0,1.0,0.273851215839386,False,False,
dog_growl_train\dog8.wav,dog_growl,train,dog_growl_train,wav,629bd2e4771f28637bed275e36bf3e1e,44100,1,176400,4.0,1.0,0.26234132051467896,False,False,
dog_growl_train\dog9.wav,dog_growl,train,dog_growl_train,wav,18ab0350d804178c5c4c0736a6e3f949,48000,1,192000,4.0,1.0,0.12379135936498642,False,False,
dog_grunt_test\Dog35.wav,dog_grunt,test,dog_grunt_test,wav,00aadf5a787c2e39386c7cb93a193322,44100,1,107520,2.4380952380952383,0.242889404296875,0.04678275063633919,False,False,
dog_grunt_test\Dog36.wav,dog_grunt,test,dog_grunt_test,wav,d62878845e83b3c1f80ab7852b4ca50e,44100,1,152576,3.4597732426303853,0.277435302734375,0.03831477835774422,False,False,
dog_grunt_test\Dog38.wav,dog_grunt,test,dog_grunt_test,wav,8e42c28b4520c70fa62e942b9568cb4f,44100,1,115712,2.6238548752834467,0.207244873046875,0.03398822620511055,False,False,
dog_grunt_test\dog39.wav,dog_grunt,test,dog_grunt_test,wav,2b630dba9a8dc39ea77dd4de4b5e5a4b,44100,1,244736,5.5495691609977325,0.999969482421875,0.05851904675364494,False,False,
dog_grunt_test\dog40.wav,dog_grunt,test,dog_grunt_test,wav,d6cf521de6d32663dc9eec5194b040ff,44100,1,250880,5.688888888888889,0.26422119140625,0.023351911455392838,False,False,
dog_grunt_test\dog41.wav,dog_grunt,test,dog_grunt_test,wav,9e135a487d970698682dd4c3c6963417,44100,1,93184,2.1130158730158732,0.00445556640625,0.0005427884170785546,False,False,
dog_grunt_test\dog42.wav,dog_grunt,test,dog_grunt_test,wav,4f34cf4495f60c82df718d96895e1343,44100,1,230400,5.224489795918367,0.1810302734375,0.018003815785050392,False,False,
dog_grunt_test\dog43.wav,dog_grunt,test,dog_grunt_test,wav,f9debd08b56900c9ccad4d0eb655ae45,44100,1,237568,5.38702947845805,0.236541748046875,0.021273629739880562,False,False,
dog_grunt_test\dog44.wav,dog_grunt,test,dog_grunt_test,wav,badb140df8a085bd91d8eeab88c42a47,44100,1,224256,5.085170068027211,0.168792724609375,0.023644180968403816,False,False,
dog_grunt_test\Dog50.wav,dog_grunt,test,dog_grunt_test,wav,5abd77f49abf6e2d8dadca88ee56fc40,44100,1,146432,3.320453514739229,0.70703125,0.1079249456524849,False,False,
dog_grunt_test\Dog52.wav,dog_grunt,test,dog_grunt_test,wav,6d9d21425339c9acd03d20b4c7c46940,44100,1,147456,3.3436734693877552,0.9862060546875,0.1433045119047165,False,False,
dog_grunt_train\Dog1.wav,dog_grunt,train,dog_grunt_train,wav,45ba702785024d266cb6d6c7f13fdba3,44100,1,124928,2.8328344671201813,0.6605224609375,0.07691881060600281,False,False,
dog_grunt_train\Dog10.wav,dog_grunt,train,dog_grunt_train,wav,1997bdd6ee924a497a6074a817e58db4,44100,1,132096,2.995374149659864,0.2633056640625,0.04585002735257149,False,False,
dog_grunt_train\Dog11.wav,dog_grunt,train,dog_grunt_train,wav,b7110085026f6b96304eff133dfb1e8d,44100,1,155648,3.5294331065759637,0.336822509765625,0.051009561866521835,False,False,
dog_grunt_train\Dog12.wav,dog_grunt,train,dog_grunt_train,wav,d572836882d090e06dd3c98349e06690,44100,1,97280,2.2058956916099772,0.271453857421875,0.03960951790213585,False,False,
dog_grunt_train\Dog14.wav,dog_grunt,train,dog_grunt_train,wav,b0f25f5a44a9b4457090c16db0038c7a,44100,1,139264,3.1579138321995464,0.336761474609375,0.03762020170688629,False,False,
dog_grunt_train\Dog15.wav,dog_grunt,train,dog_grunt_train,wav,b32a88c03821e6f02812ab87c0ca1902,44100,1,100352,2.2755555555555556,0.257781982421875,0.044655218720436096,False,False,
dog_grunt_train\Dog16.wav,dog_grunt,train,dog_grunt_train,wav,1ba658a272c75e5e670e125507743948,44100,1,122880,2.786394557823129,0.3197021484375,0.06271610409021378,False,False,
dog_grunt_train\Dog17.wav,dog_grunt,train,dog_grunt_train,wav,c22679659767d510329ae26761781ccc,44100,1,99328,2.2523356009070294,0.23443603515625,0.037181705236434937,False,False,
dog_grunt_train\Dog18.wav,dog_grunt,train,dog_grunt_train,wav,c9bb233030f54feb4c0f0a82f20283ae,44100,1,95232,2.159455782312925,0.408294677734375,0.04742646962404251,False,False,
dog_grunt_train\Dog19_1.wav,dog_grunt,train,dog_grunt_train,wav,190f072f5acb69ba7401947b90a411d2,44100,1,117760,2.670294784580499,0.254302978515625,0.03675681725144386,False,False,
dog_grunt_train\Dog2.wav,dog_grunt,train,dog_grunt_train,wav,e19c3085d9cace52bd653dafcd1ed404,44100,1,185344,4.20281179138322,0.9974365234375,0.11786626279354095,False,False,
dog_grunt_train\Dog20_1.wav,dog_grunt,train,dog_grunt_train,wav,63c7753a64a8fc07c7fa76af85203d22,44100,1,119808,2.716734693877551,0.33697509765625,0.0531771257519722,False,False,
dog_grunt_train\Dog24.wav,dog_grunt,train,dog_grunt_train,wav,7c764b32675696c553b3f7b5fdd1eab4,44100,1,162816,3.6919727891156464,0.999969482421875,0.16647526621818542,False,False,
dog_grunt_train\Dog25.wav,dog_grunt,train,dog_grunt_train,wav,766cd991219405981ec087e041f9a51a,44100,1,175104,3.9706122448979593,0.81475830078125,0.08415098488330841,False,False,
dog_grunt_train\Dog26.wav,dog_grunt,train,dog_grunt_train,wav,79189f89a541d5f7780458eb5cee9651,44100,1,137216,3.111473922902494,0.985382080078125,0.095216765999794,False,False,
dog_grunt_train\Dog27.wav,dog_grunt,train,dog_grunt_train,wav,b2b0a40157fd476ed9de4f1ae8ad1ab8,44100,1,250880,5.688888888888889,0.18450927734375,0.0333070233464241,False,False,
dog_grunt_train\Dog28.wav,dog_grunt,train,dog_grunt_train,wav,91565f23a27a175221580a40b3cf433f,44100,1,148480,3.3668934240362813,0.1510009765625,0.024304714053869247,False,False,
dog_grunt_train\Dog3.wav,dog_grunt,train,dog_grunt_train,wav,90480124574a1fdd3b0c3a39c52ec7b3,44100,1,218112,4.9458503401360545,1.0,0.12045800685882568,False,False,
dog_grunt_train\Dog31.wav,dog_grunt,train,dog_grunt_train,wav,c3dd817aeb15714c9285e00c9beee2c4,44100,1,158720,3.599092970521542,0.30145263671875,0.047319378703832626,False,False,
dog_grunt_train\Dog32.wav,dog_grunt,train,dog_grunt_train,wav,6c3d3dd75a49621766aac8bc49ae4bc4,44100,1,116736,2.647074829931973,0.26275634765625,0.03660346195101738,False,False,
dog_grunt_train\Dog33.wav,dog_grunt,train,dog_grunt_train,wav,d6be13c9bc0c87e9d4a4ef124185c830,44100,1,110592,2.507755102040816,0.18389892578125,0.017322322353720665,False,False,
dog_grunt_train\Dog5.wav,dog_grunt,train,dog_grunt_train,wav,86bd29b8f9650186224fc873e9e3c7f4,44100,1,140288,3.1811337868480725,0.396728515625,0.08904515951871872,False,False,
dog_grunt_train\Dog6.wav,dog_grunt,train,dog_grunt_train,wav,4c307b9bdce7434894190eb128d58c6c,44100,1,123904,2.809614512471655,0.302093505859375,0.0510312020778656,False,False,
